{
  "type": "FeatureCollection",
  "generator": "overpass-turbo",
  "copyright": "OpenStreetMap contributors (ODbL)",
  "region": "Delhi NCR (South Delhi)",
  "features": [
    {
      "type": "Feature",
      "properties": {
        "@id": "node/266442366",
        "amenity": "atm",
        "brand": "Axis Bank",
        "brand:wikidata": "Q2003549",
        "name": "AXIS Bank",
        "operator": "Axis Bank",
        "operator:wikidata": "Q2003549"
      },
      "geometry": {
        "type": "Point",
        "coordinates": [
          77.1682153,
          28.5101062
        ]
      },
      "id": "node/266442366"
    },
    {
      "type": "Feature",
      "properties": {
        "@id": "node/266443204",
        "amenity": "bank",
        "atm": "yes",
        "brand": "Standard Chartered",
        "brand:wikidata": "Q548278",
        "brand:wikipedia": "en:Standard Chartered",
        "name": "Standard Chartered"
      },
      "geometry": {
        "type": "Point",
        "coordinates": [
          77.164161,
          28.5583495
        ]
      },
      "id": "node/266443204"
    },
    {
      "type": "Feature",
      "properties": {
        "@id": "node/495944542",
        "amenity": "bank",
        "atm": "yes",
        "brand": "Barclays",
        "brand:wikidata": "Q245343",
        "name": "Barclays"
      },
      "geometry": {
        "type": "Point",
        "coordinates": [
          77.2519691,
          28.5502602
        ]
      },
      "id": "node/495944542"
    },
    {
      "type": "Feature",
      "properties": {
        "@id": "node/560764785",
        "amenity": "atm",
        "brand": "Indian Bank",
        "brand:wikidata": "Q2003789",
        "name": "Indian Bank",
        "operator": "Indian Bank",
        "operator:wikidata": "Q2003789"
      },
      "geometry": {
        "type": "Point",
        "coordinates": [
          77.1847626,
          28.5403687
        ]
      },
      "id": "node/560764785"
    },
    {
      "type": "Feature",
      "properties": {
        "@id": "node/563126330",
        "amenity": "atm",
        "brand": "HDFC Bank",
        "brand:en": "HDFC Bank",
        "brand:wikidata": "Q631047",
        "currency:INR": "yes",
        "drive_through": "no",
        "indoor": "yes",
        "note": "Contributors are requested to not edit the \"brand\", \"brand:en\", \"brand:wikidata\", \"operator\", \"operator:en\" and \"operator:wikidata\" tags. (2025/02/19)",
        "opening_hours": "24/7",
        "operator": "HDFC Bank",
        "operator:en": "HDFC Bank",
        "operator:wikidata": "Q631047",
        "short_name": "HDFC"
      },
      "geometry": {
        "type": "Point",
        "coordinates": [
          77.2186625,
          28.5683654
        ]
      },
      "id": "node/563126330"
    },
    {
      "type": "Feature",
      "properties": {
        "@id": "node/712874691",
        "amenity": "atm",
        "shop": "dry_cleaning"
      },
      "geometry": {
        "type": "Point",
        "coordinates": [
          77.1682199,
          28.5099957
        ]
      },
      "id": "node/712874691"
    },
    {
      "type": "Feature",
      "properties": {
        "@id": "node/712874694",
        "amenity": "atm",
        "brand": "HDFC Bank",
        "brand:en": "HDFC Bank",
        "brand:wikidata": "Q631047",
        "currency:INR": "yes",
        "drive_through": "no",
        "indoor": "yes",
        "name": "HDFC Bank",
        "note": "Contributors are requested to not edit the \"brand\", \"brand:en\", \"brand:wikidata\", \"operator\", \"operator:en\" and \"operator:wikidata\" tags. (2025/02/19)",
        "opening_hours": "24/7",
        "operator": "HDFC Bank",
        "operator:en": "HDFC Bank",
        "operator:wikidata": "Q631047",
        "short_name": "HDFC"
      },
      "geometry": {
        "type": "Point",
        "coordinates": [
          77.1682149,
          28.5098513
        ]
      },
      "id": "node/712874694"
    },
    {
      "type": "Feature",
      "properties": {
        "@id": "node/738197286",
        "amenity": "atm"
      },
      "geometry": {
        "type": "Point",
        "coordinates": [
          77.2059863,
          28.5203641
        ]
      },
      "id": "node/738197286"
    },
    {
      "type": "Feature",
      "properties": {
        "@id": "node/738197289",
        "amenity": "atm"
      },
      "geometry": {
        "type": "Point",
        "coordinates": [
          77.2071199,
          28.5232994
        ]
      },
      "id": "node/738197289"
    },
    {
      "type": "Feature",
      "properties": {
        "@id": "node/1528709488",
        "amenity": "bank",
        "atm": "yes",
        "brand": "ICICI Bank",
        "brand:wikidata": "Q1653258",
        "name": "ICICI Bank",
        "name:en": "ICICI Bank",
        "short_name": "ICICI",
        "website": "https://www.icicibank.com"
      },
      "geometry": {
        "type": "Point",
        "coordinates": [
          77.2671483,
          28.5654375
        ]
      },
      "id": "node/1528709488"
    },
    {
      "type": "Feature",
      "properties": {
        "@id": "node/1528709694",
        "amenity": "bank",
        "atm": "yes",
        "brand": "HDFC Bank",
        "brand:wikidata": "Q631047",
        "name": "HDFC Bank",
        "short_name": "HDFC",
        "website": "https://www.hdfcbank.com"
      },
      "geometry": {
        "type": "Point",
        "coordinates": [
          77.2679745,
          28.5669263
        ]
      },
      "id": "node/1528709694"
    },
    {
      "type": "Feature",
      "properties": {
        "@id": "node/1672070592",
        "amenity": "atm",
        "brand": "Axis Bank",
        "brand:wikidata": "Q2003549",
        "name": "Axis Bank",
        "operator": "Axis Bank",
        "operator:wikidata": "Q2003549"
      },
      "geometry": {
        "type": "Point",
        "coordinates": [
          77.2492056,
          28.5361818
        ]
      },
      "id": "node/1672070592"
    },
    {
      "type": "Feature",
      "properties": {
        "@id": "node/1681209509",
        "amenity": "atm",
        "fee": "SBI ATM",
        "operator": "SBI"
      },
      "geometry": {
        "type": "Point",
        "coordinates": [
          77.2528542,
          28.5265729
        ]
      },
      "id": "node/1681209509"
    },
    {
      "type": "Feature",
      "properties": {
        "@id": "node/2583924590",
        "amenity": "bank",
        "atm": "yes",
        "brand:wikidata": "Q2003789",
        "name": "Indian Bank",
        "name:en": "Indian Bank",
        "website": "https://www.indianbank.in/"
      },
      "geometry": {
        "type": "Point",
        "coordinates": [
          77.2796752,
          28.5612991
        ]
      },
      "id": "node/2583924590"
    },
    {
      "type": "Feature",
      "properties": {
        "@id": "node/2593805944",
        "amenity": "atm",
        "brand": "Citibank",
        "brand:wikidata": "Q857063",
        "name": "Citibank",
        "operator": "Citibank",
        "operator:wikidata": "Q857063",
        "short_name": "Citi"
      },
      "geometry": {
        "type": "Point",
        "coordinates": [
          77.2362568,
          28.5499509
        ]
      },
      "id": "node/2593805944"
    },
    {
      "type": "Feature",
      "properties": {
        "@id": "node/2654012105",
        "amenity": "atm",
        "brand": "Yes Bank",
        "brand:wikidata": "Q2040394",
        "opening_hours": "24/7",
        "operator": "Yes Bank",
        "operator:wikidata": "Q2040394"
      },
      "geometry": {
        "type": "Point",
        "coordinates": [
          77.2062192,
          28.5216669
        ]
      },
      "id": "node/2654012105"
    },
    {
      "type": "Feature",
      "properties": {
        "@id": "node/2663023646",
        "amenity": "bank",
        "atm": "yes",
        "brand": "State Bank of India",
        "brand:wikidata": "Q1340361",
        "name": "State Bank of India",
        "short_name": "SBI"
      },
      "geometry": {
        "type": "Point",
        "coordinates": [
          77.2679539,
          28.5501635
        ]
      },
      "id": "node/2663023646"
    },
    {
      "type": "Feature",
      "properties": {
        "@id": "node/2726664993",
        "amenity": "atm"
      },
      "geometry": {
        "type": "Point",
        "coordinates": [
          77.2185038,
          28.5311318
        ]
      },
      "id": "node/2726664993"
    },
    {
      "type": "Feature",
      "properties": {
        "@id": "node/2812608848",
        "amenity": "bank",
        "atm": "yes",
        "brand": "HDFC Bank",
        "brand:wikidata": "Q631047",
        "name": "HDFC Bank",
        "operator": "HDFC Bank",
        "short_name": "HDFC"
      },
      "geometry": {
        "type": "Point",
        "coordinates": [
          77.2714498,
          28.5487558
        ]
      },
      "id": "node/2812608848"
    },
    {
      "type": "Feature",
      "properties": {
        "@id": "node/2991892684",
        "amenity": "atm",
        "brand": "State Bank of India",
        "brand:en": "State Bank of India",
        "brand:wikidata": "Q1340361",
        "check_date": "2025-09-01",
        "currency:INR": "yes",
        "drive_through": "no",
        "indoor": "yes",
        "name": "State Bank of India",
        "name:en": "State Bank of India",
        "note": "Contributors are requested to not edit the \"brand\", \"brand:en\", \"brand:wikidata\", \"operator\", \"operator:en\" and \"operator:wikidata\" tags. (2025/02/19)",
        "opening_hours": "24/7",
        "operator": "State Bank of India",
        "operator:en": "State Bank of India",
        "operator:wikidata": "Q1340361",
        "short_name": "SBI"
      },
      "geometry": {
        "type": "Point",
        "coordinates": [
          77.1934888,
          28.5381741
        ]
      },
      "id": "node/2991892684"
    },
    {
      "type": "Feature",
      "properties": {
        "@id": "node/2991892685",
        "amenity": "atm",
        "brand": "ICICI Bank",
        "brand:en": "ICICI Bank",
        "brand:wikidata": "Q1653258",
        "check_date": "2025-09-01",
        "currency:INR": "yes",
        "drive_through": "no",
        "indoor": "yes",
        "name": "ICICI Bank",
        "name:en": "ICICI Bank",
        "note": "Contributors are requested to not edit the \"brand\", \"brand:en\", \"brand:wikidata\", \"operator\", \"operator:en\" and \"operator:wikidata\" tags. (2025/02/19)",
        "opening_hours": "24/7",
        "operator": "ICICI Bank",
        "operator:en": "ICICI Bank",
        "operator:wikidata": "Q1653258",
        "short_name": "ICICI"
      },
      "geometry": {
        "type": "Point",
        "coordinates": [
          77.1934236,
          28.5381856
        ]
      },
      "id": "node/2991892685"
    },
    {
      "type": "Feature",
      "properties": {
        "@id": "node/4211254606",
        "amenity": "atm",
        "opening_hours": "24/7",
        "operator": "muthoot bank"
      },
      "geometry": {
        "type": "Point",
        "coordinates": [
          77.1950523,
          28.5696397
        ]
      },
      "id": "node/4211254606"
    },
    {
      "type": "Feature",
      "properties": {
        "@id": "node/4211254607",
        "amenity": "atm",
        "opening_hours": "Mo-Su 07:00-22:00",
        "operator": "SBT"
      },
      "geometry": {
        "type": "Point",
        "coordinates": [
          77.1973432,
          28.5726525
        ]
      },
      "id": "node/4211254607"
    },
    {
      "type": "Feature",
      "properties": {
        "@id": "node/4237331291",
        "amenity": "atm",
        "fixme": "I don't see this here! Delete?",
        "opening_hours": "24/7"
      },
      "geometry": {
        "type": "Point",
        "coordinates": [
          77.2311301,
          28.5607706
        ]
      },
      "id": "node/4237331291"
    },
    {
      "type": "Feature",
      "properties": {
        "@id": "node/4295475992",
        "amenity": "bank",
        "atm": "yes",
        "branch": "Green Park Extension",
        "brand": "HDFC Bank",
        "brand:wikidata": "Q631047",
        "name": "HDFC Bank",
        "short_name": "HDFC",
        "website": "https://www.hdfcbank.com"
      },
      "geometry": {
        "type": "Point",
        "coordinates": [
          77.2051383,
          28.5600369
        ]
      },
      "id": "node/4295475992"
    },
    {
      "type": "Feature",
      "properties": {
        "@id": "node/4497951991",
        "amenity": "atm",
        "operator": "sbi bank atm"
      },
      "geometry": {
        "type": "Point",
        "coordinates": [
          77.2510098,
          28.5084236
        ]
      },
      "id": "node/4497951991"
    },
    {
      "type": "Feature",
      "properties": {
        "@id": "node/4532673693",
        "amenity": "atm",
        "brand": "Yes Bank",
        "brand:wikidata": "Q2040394",
        "opening_hours": "24/7",
        "operator": "Yes Bank",
        "operator:wikidata": "Q2040394"
      },
      "geometry": {
        "type": "Point",
        "coordinates": [
          77.1858643,
          28.5403996
        ]
      },
      "id": "node/4532673693"
    },
    {
      "type": "Feature",
      "properties": {
        "@id": "node/4532843494",
        "amenity": "atm",
        "opening_hours": "24/7",
        "operator": "SBI BANK,AXIS BANK"
      },
      "geometry": {
        "type": "Point",
        "coordinates": [
          77.1809133,
          28.5493889
        ]
      },
      "id": "node/4532843494"
    },
    {
      "type": "Feature",
      "properties": {
        "@id": "node/4674829992",
        "amenity": "atm",
        "brand": "HDFC Bank",
        "brand:en": "HDFC Bank",
        "brand:wikidata": "Q631047",
        "currency:INR": "yes",
        "drive_through": "no",
        "indoor": "yes",
        "note": "Contributors are requested to not edit the \"brand\", \"brand:en\", \"brand:wikidata\", \"operator\", \"operator:en\" and \"operator:wikidata\" tags. (2025/02/19)",
        "opening_hours": "24/7",
        "operator": "HDFC Bank",
        "operator:en": "HDFC Bank",
        "operator:wikidata": "Q631047",
        "short_name": "HDFC"
      },
      "geometry": {
        "type": "Point",
        "coordinates": [
          77.1853088,
          28.5406103
        ]
      },
      "id": "node/4674829992"
    },
    {
      "type": "Feature",
      "properties": {
        "@id": "node/4727546094",
        "amenity": "atm",
        "brand": "State Bank of India",
        "brand:en": "State Bank of India",
        "brand:wikidata": "Q1340361",
        "check_date": "2023-05-02",
        "currency:INR": "yes",
        "drive_through": "no",
        "indoor": "yes",
        "name": "State Bank of India",
        "note": "Contributors are requested to not edit the \"brand\", \"brand:en\", \"brand:wikidata\", \"operator\", \"operator:en\" and \"operator:wikidata\" tags. (2025/02/19)",
        "opening_hours": "24/7",
        "operator": "State Bank of India",
        "operator:en": "State Bank of India",
        "operator:wikidata": "Q1340361",
        "short_name": "SBI"
      },
      "geometry": {
        "type": "Point",
        "coordinates": [
          77.210682,
          28.5367606
        ]
      },
      "id": "node/4727546094"
    },
    {
      "type": "Feature",
      "properties": {
        "@id": "node/4762915021",
        "amenity": "atm",
        "brand": "ICICI Bank",
        "brand:en": "ICICI Bank",
        "brand:wikidata": "Q1653258",
        "currency:INR": "yes",
        "drive_through": "no",
        "indoor": "yes",
        "note": "Contributors are requested to not edit the \"brand\", \"brand:en\", \"brand:wikidata\", \"operator\", \"operator:en\" and \"operator:wikidata\" tags. (2025/02/19)",
        "opening_hours": "24/7",
        "operator": "ICICI Bank",
        "operator:en": "ICICI Bank",
        "operator:wikidata": "Q1653258",
        "short_name": "ICICI"
      },
      "geometry": {
        "type": "Point",
        "coordinates": [
          77.2615535,
          28.5380689
        ]
      },
      "id": "node/4762915021"
    },
    {
      "type": "Feature",
      "properties": {
        "@id": "node/4927143357",
        "amenity": "atm",
        "brand": "Kotak Mahindra Bank",
        "brand:wikidata": "Q2040404",
        "operator": "Kotak Mahindra Bank",
        "operator:wikidata": "Q2040404"
      },
      "geometry": {
        "type": "Point",
        "coordinates": [
          77.2077982,
          28.5527397
        ]
      },
      "id": "node/4927143357"
    },
    {
      "type": "Feature",
      "properties": {
        "@id": "node/4927143359",
        "amenity": "atm",
        "brand": "State Bank of India",
        "brand:en": "State Bank of India",
        "brand:wikidata": "Q1340361",
        "currency:INR": "yes",
        "drive_through": "no",
        "indoor": "yes",
        "name": "State Bank of India",
        "note": "Contributors are requested to not edit the \"brand\", \"brand:en\", \"brand:wikidata\", \"operator\", \"operator:en\" and \"operator:wikidata\" tags. (2025/02/19)",
        "opening_hours": "24/7",
        "operator": "State Bank of India",
        "operator:en": "State Bank of India",
        "operator:wikidata": "Q1340361",
        "short_name": "SBI"
      },
      "geometry": {
        "type": "Point",
        "coordinates": [
          77.1775233,
          28.5546315
        ]
      },
      "id": "node/4927143359"
    },
    {
      "type": "Feature",
      "properties": {
        "@id": "node/4999014149",
        "amenity": "atm",
        "check_date": "2025-08-25",
        "currency:INR": "yes",
        "drive_through": "no",
        "name": "IndiCash ATM"
      },
      "geometry": {
        "type": "Point",
        "coordinates": [
          77.1838262,
          28.5473981
        ]
      },
      "id": "node/4999014149"
    },
    {
      "type": "Feature",
      "properties": {
        "@id": "node/4999014150",
        "amenity": "atm",
        "branch": "Nalanda Apartments",
        "brand": "State Bank of India",
        "brand:en": "State Bank of India",
        "brand:wikidata": "Q1340361",
        "currency:INR": "yes",
        "drive_through": "no",
        "indoor": "yes",
        "name": "State Bank of India",
        "note": "Contributors are requested to not edit the \"brand\", \"brand:en\", \"brand:wikidata\", \"operator\", \"operator:en\" and \"operator:wikidata\" tags. (2025/02/19)",
        "opening_hours": "24/7",
        "operator": "State Bank of India",
        "operator:en": "State Bank of India",
        "operator:wikidata": "Q1340361",
        "short_name": "SBI"
      },
      "geometry": {
        "type": "Point",
        "coordinates": [
          77.1832177,
          28.5457285
        ]
      },
      "id": "node/4999014150"
    },
    {
      "type": "Feature",
      "properties": {
        "@id": "node/5128503979",
        "amenity": "atm",
        "operator": "SBI Bank"
      },
      "geometry": {
        "type": "Point",
        "coordinates": [
          77.2347299,
          28.5404595
        ]
      },
      "id": "node/5128503979"
    },
    {
      "type": "Feature",
      "properties": {
        "@id": "node/5131701516",
        "amenity": "atm",
        "brand": "Kotak Mahindra Bank",
        "brand:wikidata": "Q2040404",
        "opening_hours": "24/7",
        "operator": "Kotak Mahindra Bank",
        "operator:wikidata": "Q2040404"
      },
      "geometry": {
        "type": "Point",
        "coordinates": [
          77.2299961,
          28.5438862
        ]
      },
      "id": "node/5131701516"
    },
    {
      "type": "Feature",
      "properties": {
        "@id": "node/5160972570",
        "alt_name": "SBI",
        "amenity": "bank",
        "atm": "yes",
        "brand": "State Bank of India",
        "brand:wikidata": "Q1340361",
        "brand:wikipedia": "en:State Bank of India",
        "drive_through": "no",
        "name": "State Bank of India",
        "short_name": "SBI"
      },
      "geometry": {
        "type": "Point",
        "coordinates": [
          77.1632054,
          28.5828891
        ]
      },
      "id": "node/5160972570"
    },
    {
      "type": "Feature",
      "properties": {
        "@id": "node/5236325249",
        "amenity": "atm",
        "brand": "Punjab & Sind Bank",
        "brand:en": "Punjab & Sind Bank",
        "brand:hi": "\u092a\u0902\u091c\u093e\u092c \u090f\u0923\u094d\u0921 \u0938\u093f\u0902\u0927 \u092c\u0948\u0902\u0915",
        "brand:wikidata": "Q2003302",
        "name:en": "Punjab & Sind Bank",
        "name:hi": "\u092a\u0902\u091c\u093e\u092c \u090f\u0923\u094d\u0921 \u0938\u093f\u0902\u0927 \u092c\u0948\u0902\u0915",
        "operator": "Punjab & Sind Bank",
        "operator:wikidata": "Q2003302"
      },
      "geometry": {
        "type": "Point",
        "coordinates": [
          77.2406889,
          28.5617566
        ]
      },
      "id": "node/5236325249"
    },
    {
      "type": "Feature",
      "properties": {
        "@id": "node/5237078292",
        "amenity": "bank",
        "atm": "yes",
        "brand": "Yes Bank",
        "brand:wikidata": "Q2040394",
        "name": "Yes Bank",
        "opening_hours": "Mo-Su 09:30-04:30"
      },
      "geometry": {
        "type": "Point",
        "coordinates": [
          77.2368766,
          28.5705121
        ]
      },
      "id": "node/5237078292"
    },
    {
      "type": "Feature",
      "properties": {
        "@id": "node/5237078293",
        "amenity": "bank",
        "atm": "yes",
        "brand": "ICICI Bank",
        "brand:wikidata": "Q1653258",
        "name": "ICICI Bank",
        "opening_hours": "24/7",
        "short_name": "ICICI"
      },
      "geometry": {
        "type": "Point",
        "coordinates": [
          77.2367354,
          28.570565
        ]
      },
      "id": "node/5237078293"
    },
    {
      "type": "Feature",
      "properties": {
        "@id": "node/5237078294",
        "amenity": "atm",
        "brand": "Punjab National Bank",
        "brand:wikidata": "Q2743499",
        "opening_hours": "24/7",
        "operator": "Punjab National Bank",
        "operator:wikidata": "Q2743499"
      },
      "geometry": {
        "type": "Point",
        "coordinates": [
          77.2366313,
          28.5707216
        ]
      },
      "id": "node/5237078294"
    },
    {
      "type": "Feature",
      "properties": {
        "@id": "node/5237131011",
        "amenity": "atm",
        "brand": "State Bank"
      },
      "geometry": {
        "type": "Point",
        "coordinates": [
          77.23407,
          28.5637919
        ]
      },
      "id": "node/5237131011"
    },
    {
      "type": "Feature",
      "properties": {
        "@id": "node/5237131012",
        "amenity": "atm",
        "brand": "Punjab National Bank",
        "brand:wikidata": "Q2743499",
        "operator": "Punjab National Bank",
        "operator:wikidata": "Q2743499"
      },
      "geometry": {
        "type": "Point",
        "coordinates": [
          77.2340922,
          28.5637613
        ]
      },
      "id": "node/5237131012"
    },
    {
      "type": "Feature",
      "properties": {
        "@id": "node/5244199567",
        "amenity": "bank",
        "atm": "yes",
        "branch": "Lajpat Nagar",
        "brand": "Axis Bank",
        "brand:wikidata": "Q2003549",
        "level": "0",
        "name": "Axis Bank"
      },
      "geometry": {
        "type": "Point",
        "coordinates": [
          77.2373866,
          28.5717636
        ]
      },
      "id": "node/5244199567"
    },
    {
      "type": "Feature",
      "properties": {
        "@id": "node/5248690241",
        "amenity": "bank",
        "atm": "yes",
        "brand": "Kotak Mahindra Bank",
        "brand:wikidata": "Q2040404",
        "name": "Kotak Mahindra Bank",
        "opening_hours": "24/7 \"ATM\""
      },
      "geometry": {
        "type": "Point",
        "coordinates": [
          77.2295991,
          28.5752151
        ]
      },
      "id": "node/5248690241"
    },
    {
      "type": "Feature",
      "properties": {
        "@id": "node/5248720990",
        "amenity": "atm",
        "brand": "DBS",
        "name": "DigiBank"
      },
      "geometry": {
        "type": "Point",
        "coordinates": [
          77.2296068,
          28.5456863
        ]
      },
      "id": "node/5248720990"
    },
    {
      "type": "Feature",
      "properties": {
        "@id": "node/5258047747",
        "amenity": "bank",
        "atm": "yes",
        "brand": "HDFC Bank",
        "brand:wikidata": "Q631047",
        "name": "HDFC Bank",
        "opening_hours": "24/7 \"atm\"",
        "short_name": "HDFC"
      },
      "geometry": {
        "type": "Point",
        "coordinates": [
          77.218667,
          28.542393
        ]
      },
      "id": "node/5258047747"
    },
    {
      "type": "Feature",
      "properties": {
        "@id": "node/5258048043",
        "amenity": "bank",
        "atm": "yes",
        "brand": "Kotak Mahindra Bank",
        "brand:wikidata": "Q2040404",
        "name": "Kotak Mahindra Bank",
        "opening_hours": "24/7 \"atm\""
      },
      "geometry": {
        "type": "Point",
        "coordinates": [
          77.2145612,
          28.5427676
        ]
      },
      "id": "node/5258048043"
    },
    {
      "type": "Feature",
      "properties": {
        "@id": "node/5258048046",
        "amenity": "bank",
        "atm": "yes",
        "brand": "HDFC Bank",
        "brand:wikidata": "Q631047",
        "name": "HDFC Bank",
        "opening_hours": "24/7 \"atm\"",
        "short_name": "HDFC"
      },
      "geometry": {
        "type": "Point",
        "coordinates": [
          77.2121907,
          28.5407088
        ]
      },
      "id": "node/5258048046"
    },
    {
      "type": "Feature",
      "properties": {
        "@id": "node/5276889687",
        "amenity": "atm",
        "brand": "Indian Overseas Bank",
        "brand:wikidata": "Q2003611",
        "cash_in": "no",
        "check_date": "2023-08-20",
        "operator": "Indian Overseas Bank",
        "operator:wikidata": "Q2003611"
      },
      "geometry": {
        "type": "Point",
        "coordinates": [
          77.242431,
          28.5531929
        ]
      },
      "id": "node/5276889687"
    },
    {
      "type": "Feature",
      "properties": {
        "@id": "node/5277258948",
        "amenity": "atm",
        "brand": "State Bank of India",
        "brand:en": "State Bank of India",
        "brand:wikidata": "Q1340361",
        "currency:INR": "yes",
        "drive_through": "no",
        "indoor": "yes",
        "level": "-1",
        "note": "Contributors are requested to not edit the \"brand\", \"brand:en\", \"brand:wikidata\", \"operator\", \"operator:en\" and \"operator:wikidata\" tags. (2025/02/19)",
        "opening_hours": "24/7",
        "operator": "State Bank of India",
        "operator:en": "State Bank of India",
        "operator:wikidata": "Q1340361",
        "short_name": "SBI"
      },
      "geometry": {
        "type": "Point",
        "coordinates": [
          77.2071347,
          28.5437163
        ]
      },
      "id": "node/5277258948"
    },
    {
      "type": "Feature",
      "properties": {
        "@id": "node/5277289511",
        "amenity": "atm",
        "brand": "IndusInd Bank",
        "brand:wikidata": "Q2040323",
        "opening_hours": "24/7",
        "operator": "IndusInd Bank",
        "operator:wikidata": "Q2040323",
        "wheelchair": "no"
      },
      "geometry": {
        "type": "Point",
        "coordinates": [
          77.2085475,
          28.5437629
        ]
      },
      "id": "node/5277289511"
    },
    {
      "type": "Feature",
      "properties": {
        "@id": "node/5327674039",
        "amenity": "bank",
        "atm": "yes",
        "branch": "Panchshila Park",
        "brand": "ICICI Bank",
        "brand:wikidata": "Q1653258",
        "name": "ICICI Bank",
        "opening_hours": "24/7 \"atm\"",
        "short_name": "ICICI"
      },
      "geometry": {
        "type": "Point",
        "coordinates": [
          77.217894,
          28.5430854
        ]
      },
      "id": "node/5327674039"
    },
    {
      "type": "Feature",
      "properties": {
        "@id": "node/5331324928",
        "amenity": "atm",
        "brand": "Kotak Mahindra Bank",
        "brand:wikidata": "Q2040404",
        "opening_hours": "24/7",
        "operator": "Kotak Mahindra Bank",
        "operator:wikidata": "Q2040404"
      },
      "geometry": {
        "type": "Point",
        "coordinates": [
          77.2062308,
          28.5181909
        ]
      },
      "id": "node/5331324928"
    },
    {
      "type": "Feature",
      "properties": {
        "@id": "node/5344774660",
        "amenity": "atm",
        "brand": "Canara Bank",
        "brand:en": "Canara Bank",
        "brand:hi": "\u0915\u0947\u0928\u0930\u093e \u092c\u0948\u0902\u0915",
        "brand:kn": "\u0c95\u0cc6\u0ca8\u0cb0\u0cbe \u0cac\u0ccd\u0caf\u0cbe\u0c82\u0c95\u0ccd",
        "brand:pa": "\u0a15\u0a47\u0a28\u0a30\u0a3e \u0a2c\u0a48\u0a02\u0a15",
        "brand:pnb": "\u06a9\u06cc\u0646\u0631\u0627 \u0628\u06cc\u0646\u06a9",
        "brand:ur": "\u06a9\u06cc\u0646\u0631\u0627 \u0628\u06cc\u0646\u06a9",
        "brand:wikidata": "Q2003777",
        "name": "Canara Bank",
        "name:en": "Canara Bank",
        "name:hi": "\u0915\u0947\u0928\u0930\u093e \u092c\u0948\u0902\u0915",
        "name:kn": "\u0c95\u0cc6\u0ca8\u0cb0\u0cbe \u0cac\u0ccd\u0caf\u0cbe\u0c82\u0c95\u0ccd",
        "name:pa": "\u0a15\u0a47\u0a28\u0a30\u0a3e \u0a2c\u0a48\u0a02\u0a15",
        "name:pnb": "\u06a9\u06cc\u0646\u0631\u0627 \u0628\u06cc\u0646\u06a9",
        "name:ur": "\u06a9\u06cc\u0646\u0631\u0627 \u0628\u06cc\u0646\u06a9",
        "operator": "Canara Bank",
        "operator:wikidata": "Q2003777"
      },
      "geometry": {
        "type": "Point",
        "coordinates": [
          77.1671988,
          28.5652278
        ]
      },
      "id": "node/5344774660"
    },
    {
      "type": "Feature",
      "properties": {
        "@id": "node/5344774661",
        "amenity": "atm",
        "brand": "Kotak Mahindra Bank",
        "brand:wikidata": "Q2040404",
        "name": "Kotak Mahindra Bank",
        "operator": "Kotak Mahindra Bank",
        "operator:wikidata": "Q2040404"
      },
      "geometry": {
        "type": "Point",
        "coordinates": [
          77.1672942,
          28.5650324
        ]
      },
      "id": "node/5344774661"
    },
    {
      "type": "Feature",
      "properties": {
        "@id": "node/5344786348",
        "amenity": "atm",
        "brand": "Yes Bank",
        "brand:wikidata": "Q2040394",
        "name": "Yes Bank",
        "opening_hours": "24/7",
        "operator": "Yes Bank",
        "operator:wikidata": "Q2040394"
      },
      "geometry": {
        "type": "Point",
        "coordinates": [
          77.1673028,
          28.5649944
        ]
      },
      "id": "node/5344786348"
    },
    {
      "type": "Feature",
      "properties": {
        "@id": "node/5344787537",
        "amenity": "atm",
        "brand": "Andhra Bank",
        "brand:wikidata": "Q2003476",
        "name": "Andhra Bank",
        "operator": "Andhra Bank",
        "operator:wikidata": "Q2003476"
      },
      "geometry": {
        "type": "Point",
        "coordinates": [
          77.1674642,
          28.5651928
        ]
      },
      "id": "node/5344787537"
    },
    {
      "type": "Feature",
      "properties": {
        "@id": "node/5370211761",
        "amenity": "bank",
        "atm": "yes",
        "branch": "Ring Road Lajpat Nagar Branch",
        "brand": "Axis Bank",
        "brand:wikidata": "Q2003549",
        "name": "Axis Bank"
      },
      "geometry": {
        "type": "Point",
        "coordinates": [
          77.2408202,
          28.5645258
        ]
      },
      "id": "node/5370211761"
    },
    {
      "type": "Feature",
      "properties": {
        "@id": "node/5370211762",
        "amenity": "bank",
        "atm": "yes",
        "brand": "IndusInd Bank",
        "brand:wikidata": "Q2040323",
        "name": "IndusInd Bank"
      },
      "geometry": {
        "type": "Point",
        "coordinates": [
          77.2407129,
          28.5645188
        ]
      },
      "id": "node/5370211762"
    },
    {
      "type": "Feature",
      "properties": {
        "@id": "node/5372987684",
        "amenity": "bank",
        "atm": "yes",
        "branch": "Nehru Place",
        "brand": "Bank of Baroda",
        "brand:wikidata": "Q2003797",
        "name": "Bank of Baroda"
      },
      "geometry": {
        "type": "Point",
        "coordinates": [
          77.2493552,
          28.5472443
        ]
      },
      "id": "node/5372987684"
    },
    {
      "type": "Feature",
      "properties": {
        "@id": "node/5415747756",
        "amenity": "bank",
        "atm": "yes",
        "brand": "HDFC Bank",
        "brand:wikidata": "Q631047",
        "level": "0",
        "name": "HDFC Bank",
        "short_name": "HDFC",
        "wheelchair": "no"
      },
      "geometry": {
        "type": "Point",
        "coordinates": [
          77.2242046,
          28.5435396
        ]
      },
      "id": "node/5415747756"
    },
    {
      "type": "Feature",
      "properties": {
        "@id": "node/5442978608",
        "amenity": "atm",
        "brand": "Canara Bank",
        "brand:en": "Canara Bank",
        "brand:hi": "\u0915\u0947\u0928\u0930\u093e \u092c\u0948\u0902\u0915",
        "brand:kn": "\u0c95\u0cc6\u0ca8\u0cb0\u0cbe \u0cac\u0ccd\u0caf\u0cbe\u0c82\u0c95\u0ccd",
        "brand:pa": "\u0a15\u0a47\u0a28\u0a30\u0a3e \u0a2c\u0a48\u0a02\u0a15",
        "brand:pnb": "\u06a9\u06cc\u0646\u0631\u0627 \u0628\u06cc\u0646\u06a9",
        "brand:ur": "\u06a9\u06cc\u0646\u0631\u0627 \u0628\u06cc\u0646\u06a9",
        "brand:wikidata": "Q2003777",
        "name:en": "Canara Bank",
        "name:hi": "\u0915\u0947\u0928\u0930\u093e \u092c\u0948\u0902\u0915",
        "name:kn": "\u0c95\u0cc6\u0ca8\u0cb0\u0cbe \u0cac\u0ccd\u0caf\u0cbe\u0c82\u0c95\u0ccd",
        "name:pa": "\u0a15\u0a47\u0a28\u0a30\u0a3e \u0a2c\u0a48\u0a02\u0a15",
        "name:pnb": "\u06a9\u06cc\u0646\u0631\u0627 \u0628\u06cc\u0646\u06a9",
        "name:ur": "\u06a9\u06cc\u0646\u0631\u0627 \u0628\u06cc\u0646\u06a9",
        "operator": "Canara Bank",
        "operator:wikidata": "Q2003777",
        "wheelchair": "no"
      },
      "geometry": {
        "type": "Point",
        "coordinates": [
          77.2034517,
          28.5180183
        ]
      },
      "id": "node/5442978608"
    },
    {
      "type": "Feature",
      "properties": {
        "@id": "node/5483330783",
        "amenity": "bank",
        "atm": "yes",
        "branch": "Saket",
        "note": "closed every month's 2nd and 4th Saturday",
        "opening_hours": "Mo-Sa 10:00-16:00 \"cash transactions\", Mo-Sa 10:00-16:30 \"non-cash transactions\""
      },
      "geometry": {
        "type": "Point",
        "coordinates": [
          77.2161036,
          28.5215986
        ]
      },
      "id": "node/5483330783"
    },
    {
      "type": "Feature",
      "properties": {
        "@id": "node/5483330784",
        "amenity": "bank",
        "atm": "yes",
        "branch": "M Block, Saket",
        "brand": "ICICI Bank",
        "brand:wikidata": "Q1653258",
        "name": "ICICI Bank",
        "short_name": "ICICI"
      },
      "geometry": {
        "type": "Point",
        "coordinates": [
          77.2162014,
          28.5243179
        ]
      },
      "id": "node/5483330784"
    },
    {
      "type": "Feature",
      "properties": {
        "@id": "node/5498958706",
        "addr:housenumber": "33",
        "addr:street": "Ring Road",
        "amenity": "bank",
        "atm": "yes",
        "branch": "Lajpat Nagar Branch",
        "brand": "State Bank of India",
        "brand:wikidata": "Q1340361",
        "name": "State Bank of India",
        "short_name": "SBI"
      },
      "geometry": {
        "type": "Point",
        "coordinates": [
          77.2489725,
          28.5651309
        ]
      },
      "id": "node/5498958706"
    },
    {
      "type": "Feature",
      "properties": {
        "@id": "node/5550767217",
        "amenity": "atm",
        "brand": "Canara Bank",
        "brand:en": "Canara Bank",
        "brand:hi": "\u0915\u0947\u0928\u0930\u093e \u092c\u0948\u0902\u0915",
        "brand:kn": "\u0c95\u0cc6\u0ca8\u0cb0\u0cbe \u0cac\u0ccd\u0caf\u0cbe\u0c82\u0c95\u0ccd",
        "brand:pa": "\u0a15\u0a47\u0a28\u0a30\u0a3e \u0a2c\u0a48\u0a02\u0a15",
        "brand:pnb": "\u06a9\u06cc\u0646\u0631\u0627 \u0628\u06cc\u0646\u06a9",
        "brand:ur": "\u06a9\u06cc\u0646\u0631\u0627 \u0628\u06cc\u0646\u06a9",
        "brand:wikidata": "Q2003777",
        "name:en": "Canara Bank",
        "name:hi": "\u0915\u0947\u0928\u0930\u093e \u092c\u0948\u0902\u0915",
        "name:kn": "\u0c95\u0cc6\u0ca8\u0cb0\u0cbe \u0cac\u0ccd\u0caf\u0cbe\u0c82\u0c95\u0ccd",
        "name:pa": "\u0a15\u0a47\u0a28\u0a30\u0a3e \u0a2c\u0a48\u0a02\u0a15",
        "name:pnb": "\u06a9\u06cc\u0646\u0631\u0627 \u0628\u06cc\u0646\u06a9",
        "name:ur": "\u06a9\u06cc\u0646\u0631\u0627 \u0628\u06cc\u0646\u06a9",
        "operator": "Canara Bank",
        "operator:wikidata": "Q2003777"
      },
      "geometry": {
        "type": "Point",
        "coordinates": [
          77.2311026,
          28.533787
        ]
      },
      "id": "node/5550767217"
    },
    {
      "type": "Feature",
      "properties": {
        "@id": "node/5552864498",
        "amenity": "atm",
        "brand": "Canara Bank",
        "brand:en": "Canara Bank",
        "brand:hi": "\u0915\u0947\u0928\u0930\u093e \u092c\u0948\u0902\u0915",
        "brand:kn": "\u0c95\u0cc6\u0ca8\u0cb0\u0cbe \u0cac\u0ccd\u0caf\u0cbe\u0c82\u0c95\u0ccd",
        "brand:pa": "\u0a15\u0a47\u0a28\u0a30\u0a3e \u0a2c\u0a48\u0a02\u0a15",
        "brand:pnb": "\u06a9\u06cc\u0646\u0631\u0627 \u0628\u06cc\u0646\u06a9",
        "brand:ur": "\u06a9\u06cc\u0646\u0631\u0627 \u0628\u06cc\u0646\u06a9",
        "brand:wikidata": "Q2003777",
        "name:en": "Canara Bank",
        "name:hi": "\u0915\u0947\u0928\u0930\u093e \u092c\u0948\u0902\u0915",
        "name:kn": "\u0c95\u0cc6\u0ca8\u0cb0\u0cbe \u0cac\u0ccd\u0caf\u0cbe\u0c82\u0c95\u0ccd",
        "name:pa": "\u0a15\u0a47\u0a28\u0a30\u0a3e \u0a2c\u0a48\u0a02\u0a15",
        "name:pnb": "\u06a9\u06cc\u0646\u0631\u0627 \u0628\u06cc\u0646\u06a9",
        "name:ur": "\u06a9\u06cc\u0646\u0631\u0627 \u0628\u06cc\u0646\u06a9",
        "operator": "Canara Bank",
        "operator:wikidata": "Q2003777"
      },
      "geometry": {
        "type": "Point",
        "coordinates": [
          77.2271789,
          28.5169615
        ]
      },
      "id": "node/5552864498"
    },
    {
      "type": "Feature",
      "properties": {
        "@id": "node/5552867332",
        "amenity": "atm",
        "brand": "Axis Bank",
        "brand:wikidata": "Q2003549",
        "operator": "Axis Bank",
        "operator:wikidata": "Q2003549"
      },
      "geometry": {
        "type": "Point",
        "coordinates": [
          77.2272104,
          28.516561
        ]
      },
      "id": "node/5552867332"
    },
    {
      "type": "Feature",
      "properties": {
        "@id": "node/5552867795",
        "amenity": "atm",
        "brand": "HDFC Bank",
        "brand:en": "HDFC Bank",
        "brand:wikidata": "Q631047",
        "currency:INR": "yes",
        "drive_through": "no",
        "indoor": "yes",
        "note": "Contributors are requested to not edit the \"brand\", \"brand:en\", \"brand:wikidata\", \"operator\", \"operator:en\" and \"operator:wikidata\" tags. (2025/02/19)",
        "opening_hours": "24/7",
        "operator": "HDFC Bank",
        "operator:en": "HDFC Bank",
        "operator:wikidata": "Q631047",
        "short_name": "HDFC"
      },
      "geometry": {
        "type": "Point",
        "coordinates": [
          77.2271259,
          28.5167524
        ]
      },
      "id": "node/5552867795"
    },
    {
      "type": "Feature",
      "properties": {
        "@id": "node/5554417989",
        "amenity": "atm",
        "brand": "Bank of India",
        "brand:wikidata": "Q2004439",
        "operator": "Bank of India",
        "operator:wikidata": "Q2004439"
      },
      "geometry": {
        "type": "Point",
        "coordinates": [
          77.2726466,
          28.5292556
        ]
      },
      "id": "node/5554417989"
    },
    {
      "type": "Feature",
      "properties": {
        "@id": "node/5558322865",
        "amenity": "atm",
        "brand": "ICICI Bank",
        "brand:en": "ICICI Bank",
        "brand:wikidata": "Q1653258",
        "currency:INR": "yes",
        "drive_through": "no",
        "indoor": "yes",
        "note": "Contributors are requested to not edit the \"brand\", \"brand:en\", \"brand:wikidata\", \"operator\", \"operator:en\" and \"operator:wikidata\" tags. (2025/02/19)",
        "opening_hours": "24/7",
        "operator": "ICICI Bank",
        "operator:en": "ICICI Bank",
        "operator:wikidata": "Q1653258",
        "short_name": "ICICI"
      },
      "geometry": {
        "type": "Point",
        "coordinates": [
          77.2313863,
          28.5338478
        ]
      },
      "id": "node/5558322865"
    },
    {
      "type": "Feature",
      "properties": {
        "@id": "node/5578382614",
        "amenity": "atm",
        "brand": "Punjab & Sind Bank",
        "brand:en": "Punjab & Sind Bank",
        "brand:hi": "\u092a\u0902\u091c\u093e\u092c \u090f\u0923\u094d\u0921 \u0938\u093f\u0902\u0927 \u092c\u0948\u0902\u0915",
        "brand:wikidata": "Q2003302",
        "check_date": "2024-05-19",
        "covered": "yes",
        "currency:INR": "yes",
        "indoor": "yes",
        "lit": "yes",
        "name:en": "Punjab & Sind Bank",
        "name:hi": "\u092a\u0902\u091c\u093e\u092c \u090f\u0923\u094d\u0921 \u0938\u093f\u0902\u0927 \u092c\u0948\u0902\u0915",
        "opening_hours": "24/7",
        "operator": "Punjab & Sind Bank",
        "operator:wikidata": "Q2003302"
      },
      "geometry": {
        "type": "Point",
        "coordinates": [
          77.2529251,
          28.5485292
        ]
      },
      "id": "node/5578382614"
    },
    {
      "type": "Feature",
      "properties": {
        "@id": "node/5586450401",
        "amenity": "atm",
        "brand": "IDBI Bank",
        "brand:wikidata": "Q3633485",
        "opening_hours": "24/7",
        "operator": "IDBI Bank",
        "operator:wikidata": "Q3633485",
        "short_name": "IDBI"
      },
      "geometry": {
        "type": "Point",
        "coordinates": [
          77.2101594,
          28.5370189
        ]
      },
      "id": "node/5586450401"
    },
    {
      "type": "Feature",
      "properties": {
        "@id": "node/5586450870",
        "amenity": "bank",
        "atm": "yes",
        "branch": "Malviya Nagar",
        "brand": "Axis Bank",
        "brand:wikidata": "Q2003549",
        "name": "Axis Bank"
      },
      "geometry": {
        "type": "Point",
        "coordinates": [
          77.2107754,
          28.537564
        ]
      },
      "id": "node/5586450870"
    },
    {
      "type": "Feature",
      "properties": {
        "@id": "node/5586450872",
        "amenity": "bank",
        "atm": "yes",
        "brand": "State Bank of India",
        "brand:wikidata": "Q1340361",
        "name": "State Bank of India",
        "short_name": "SBI"
      },
      "geometry": {
        "type": "Point",
        "coordinates": [
          77.2059307,
          28.5329774
        ]
      },
      "id": "node/5586450872"
    },
    {
      "type": "Feature",
      "properties": {
        "@id": "node/5598792572",
        "amenity": "atm",
        "brand": "Kotak Mahindra Bank",
        "brand:wikidata": "Q2040404",
        "opening_hours": "24/7",
        "operator": "Kotak Mahindra Bank",
        "operator:wikidata": "Q2040404"
      },
      "geometry": {
        "type": "Point",
        "coordinates": [
          77.198159,
          28.5380761
        ]
      },
      "id": "node/5598792572"
    },
    {
      "type": "Feature",
      "properties": {
        "@id": "node/5630005875",
        "amenity": "atm",
        "brand": "State Bank of India",
        "brand:en": "State Bank of India",
        "brand:wikidata": "Q1340361",
        "currency:INR": "yes",
        "drive_through": "no",
        "indoor": "yes",
        "note": "Contributors are requested to not edit the \"brand\", \"brand:en\", \"brand:wikidata\", \"operator\", \"operator:en\" and \"operator:wikidata\" tags. (2025/02/19)",
        "opening_hours": "24/7",
        "operator": "State Bank of India",
        "operator:en": "State Bank of India",
        "operator:wikidata": "Q1340361",
        "short_name": "SBI"
      },
      "geometry": {
        "type": "Point",
        "coordinates": [
          77.2152203,
          28.5182748
        ]
      },
      "id": "node/5630005875"
    },
    {
      "type": "Feature",
      "properties": {
        "@id": "node/5630005878",
        "amenity": "atm",
        "brand": "Allahabad Bank",
        "brand:wikidata": "Q2018840",
        "operator": "Allahabad Bank",
        "operator:wikidata": "Q2018840"
      },
      "geometry": {
        "type": "Point",
        "coordinates": [
          77.2058877,
          28.5265864
        ]
      },
      "id": "node/5630005878"
    },
    {
      "type": "Feature",
      "properties": {
        "@id": "node/5630006580",
        "amenity": "atm",
        "brand": "Kotak Mahindra Bank",
        "brand:wikidata": "Q2040404",
        "opening_hours": "24/7",
        "operator": "Kotak Mahindra Bank",
        "operator:wikidata": "Q2040404"
      },
      "geometry": {
        "type": "Point",
        "coordinates": [
          77.2158884,
          28.5252369
        ]
      },
      "id": "node/5630006580"
    },
    {
      "type": "Feature",
      "properties": {
        "@id": "node/5648776084",
        "amenity": "bank",
        "atm": "yes",
        "brand": "IndusInd Bank",
        "brand:wikidata": "Q2040323",
        "name": "IndusInd Bank"
      },
      "geometry": {
        "type": "Point",
        "coordinates": [
          77.2290006,
          28.5740662
        ]
      },
      "id": "node/5648776084"
    },
    {
      "type": "Feature",
      "properties": {
        "@id": "node/5648776299",
        "amenity": "atm",
        "brand": "Canara Bank",
        "brand:en": "Canara Bank",
        "brand:hi": "\u0915\u0947\u0928\u0930\u093e \u092c\u0948\u0902\u0915",
        "brand:kn": "\u0c95\u0cc6\u0ca8\u0cb0\u0cbe \u0cac\u0ccd\u0caf\u0cbe\u0c82\u0c95\u0ccd",
        "brand:pa": "\u0a15\u0a47\u0a28\u0a30\u0a3e \u0a2c\u0a48\u0a02\u0a15",
        "brand:pnb": "\u06a9\u06cc\u0646\u0631\u0627 \u0628\u06cc\u0646\u06a9",
        "brand:ur": "\u06a9\u06cc\u0646\u0631\u0627 \u0628\u06cc\u0646\u06a9",
        "brand:wikidata": "Q2003777",
        "name:en": "Canara Bank",
        "name:hi": "\u0915\u0947\u0928\u0930\u093e \u092c\u0948\u0902\u0915",
        "name:kn": "\u0c95\u0cc6\u0ca8\u0cb0\u0cbe \u0cac\u0ccd\u0caf\u0cbe\u0c82\u0c95\u0ccd",
        "name:pa": "\u0a15\u0a47\u0a28\u0a30\u0a3e \u0a2c\u0a48\u0a02\u0a15",
        "name:pnb": "\u06a9\u06cc\u0646\u0631\u0627 \u0628\u06cc\u0646\u06a9",
        "name:ur": "\u06a9\u06cc\u0646\u0631\u0627 \u0628\u06cc\u0646\u06a9",
        "operator": "Canara Bank",
        "operator:wikidata": "Q2003777"
      },
      "geometry": {
        "type": "Point",
        "coordinates": [
          77.210527,
          28.5351737
        ]
      },
      "id": "node/5648776299"
    },
    {
      "type": "Feature",
      "properties": {
        "@id": "node/5655292555",
        "amenity": "bank",
        "atm": "yes",
        "brand": "Kotak Mahindra Bank",
        "brand:wikidata": "Q2040404",
        "name": "Kotak Mahindra Bank"
      },
      "geometry": {
        "type": "Point",
        "coordinates": [
          77.267782,
          28.5367027
        ]
      },
      "id": "node/5655292555"
    },
    {
      "type": "Feature",
      "properties": {
        "@id": "node/5663496526",
        "amenity": "atm",
        "brand": "Axis Bank",
        "brand:wikidata": "Q2003549",
        "operator": "Axis Bank",
        "operator:wikidata": "Q2003549"
      },
      "geometry": {
        "type": "Point",
        "coordinates": [
          77.2826168,
          28.5024032
        ]
      },
      "id": "node/5663496526"
    },
    {
      "type": "Feature",
      "properties": {
        "@id": "node/5663497421",
        "amenity": "atm",
        "brand": "Bank of Baroda",
        "brand:wikidata": "Q2003797",
        "opening_hours": "24/7",
        "operator": "Bank of Baroda",
        "operator:wikidata": "Q2003797"
      },
      "geometry": {
        "type": "Point",
        "coordinates": [
          77.303221,
          28.4959778
        ]
      },
      "id": "node/5663497421"
    },
    {
      "type": "Feature",
      "properties": {
        "@id": "node/5670250556",
        "amenity": "atm",
        "brand": "Kotak Mahindra Bank",
        "brand:wikidata": "Q2040404",
        "check_date": "2023-03-15",
        "opening_hours": "24/7",
        "operator": "Kotak Mahindra Bank",
        "operator:wikidata": "Q2040404",
        "wheelchair": "no"
      },
      "geometry": {
        "type": "Point",
        "coordinates": [
          77.1998643,
          28.5069714
        ]
      },
      "id": "node/5670250556"
    },
    {
      "type": "Feature",
      "properties": {
        "@id": "node/5670250557",
        "amenity": "bank",
        "atm": "yes",
        "branch": "Neb Sarai",
        "brand": "Corporation Bank",
        "brand:wikidata": "Q2003387",
        "name": "Corporation Bank",
        "wheelchair": "no"
      },
      "geometry": {
        "type": "Point",
        "coordinates": [
          77.1998444,
          28.5069065
        ]
      },
      "id": "node/5670250557"
    },
    {
      "type": "Feature",
      "properties": {
        "@id": "node/5670251326",
        "amenity": "atm",
        "brand": "Axis Bank",
        "brand:wikidata": "Q2003549",
        "check_date": "2023-03-15",
        "operator": "Axis Bank",
        "operator:wikidata": "Q2003549",
        "wheelchair": "no"
      },
      "geometry": {
        "type": "Point",
        "coordinates": [
          77.1998711,
          28.5069889
        ]
      },
      "id": "node/5670251326"
    },
    {
      "type": "Feature",
      "properties": {
        "@id": "node/5670251327",
        "amenity": "atm",
        "brand": "HDFC Bank",
        "brand:en": "HDFC Bank",
        "brand:wikidata": "Q631047",
        "check_date": "2023-03-15",
        "currency:INR": "yes",
        "drive_through": "no",
        "indoor": "yes",
        "note": "Contributors are requested to not edit the \"brand\", \"brand:en\", \"brand:wikidata\", \"operator\", \"operator:en\" and \"operator:wikidata\" tags. (2025/02/19)",
        "opening_hours": "24/7",
        "operator": "HDFC Bank",
        "operator:en": "HDFC Bank",
        "operator:wikidata": "Q631047",
        "short_name": "HDFC",
        "wheelchair": "no"
      },
      "geometry": {
        "type": "Point",
        "coordinates": [
          77.1998461,
          28.5069298
        ]
      },
      "id": "node/5670251327"
    },
    {
      "type": "Feature",
      "properties": {
        "@id": "node/5771451003",
        "amenity": "atm",
        "brand": "IndusInd Bank",
        "brand:wikidata": "Q2040323",
        "opening_hours": "24/7",
        "operator": "IndusInd Bank",
        "operator:wikidata": "Q2040323"
      },
      "geometry": {
        "type": "Point",
        "coordinates": [
          77.2044909,
          28.5510924
        ]
      },
      "id": "node/5771451003"
    },
    {
      "type": "Feature",
      "properties": {
        "@id": "node/5773501122",
        "amenity": "bank",
        "atm": "yes",
        "branch": "Lajpat Nagar 2",
        "brand": "Bandhan Bank",
        "brand:wikidata": "Q19882235",
        "name": "Bandhan Bank"
      },
      "geometry": {
        "type": "Point",
        "coordinates": [
          77.2380576,
          28.5730786
        ]
      },
      "id": "node/5773501122"
    },
    {
      "type": "Feature",
      "properties": {
        "@id": "node/5773501357",
        "amenity": "atm",
        "brand": "State Bank",
        "level": "1"
      },
      "geometry": {
        "type": "Point",
        "coordinates": [
          77.2362899,
          28.5704442
        ]
      },
      "id": "node/5773501357"
    },
    {
      "type": "Feature",
      "properties": {
        "@id": "node/5773502069",
        "amenity": "atm",
        "branch": "Lajpat Nagar",
        "brand": "Indian Bank",
        "brand:wikidata": "Q2003789",
        "opening_hours": "24/7",
        "operator": "Indian Bank",
        "operator:wikidata": "Q2003789"
      },
      "geometry": {
        "type": "Point",
        "coordinates": [
          77.2375289,
          28.5721101
        ]
      },
      "id": "node/5773502069"
    },
    {
      "type": "Feature",
      "properties": {
        "@id": "node/5778513826",
        "amenity": "atm",
        "brand": "HDFC Bank",
        "brand:en": "HDFC Bank",
        "brand:wikidata": "Q631047",
        "currency:INR": "yes",
        "drive_through": "no",
        "indoor": "yes",
        "note": "Contributors are requested to not edit the \"brand\", \"brand:en\", \"brand:wikidata\", \"operator\", \"operator:en\" and \"operator:wikidata\" tags. (2025/02/19)",
        "opening_hours": "24/7",
        "operator": "HDFC Bank",
        "operator:en": "HDFC Bank",
        "operator:wikidata": "Q631047",
        "short_name": "HDFC"
      },
      "geometry": {
        "type": "Point",
        "coordinates": [
          77.2613805,
          28.5256595
        ]
      },
      "id": "node/5778513826"
    },
    {
      "type": "Feature",
      "properties": {
        "@id": "node/5778513829",
        "amenity": "bank",
        "atm": "yes",
        "branch": "Tuglakabad Extension",
        "brand": "Oriental Bank of Commerce"
      },
      "geometry": {
        "type": "Point",
        "coordinates": [
          77.2590956,
          28.5260996
        ]
      },
      "id": "node/5778513829"
    },
    {
      "type": "Feature",
      "properties": {
        "@id": "node/5778513850",
        "amenity": "atm",
        "brand": "Punjab National Bank",
        "brand:wikidata": "Q2743499",
        "operator": "Punjab National Bank",
        "operator:wikidata": "Q2743499"
      },
      "geometry": {
        "type": "Point",
        "coordinates": [
          77.2327466,
          28.5141173
        ]
      },
      "id": "node/5778513850"
    },
    {
      "type": "Feature",
      "properties": {
        "@id": "node/5778514192",
        "amenity": "atm",
        "brand": "J&K Bank"
      },
      "geometry": {
        "type": "Point",
        "coordinates": [
          77.2370154,
          28.5484958
        ]
      },
      "id": "node/5778514192"
    },
    {
      "type": "Feature",
      "properties": {
        "@id": "node/5790138413",
        "amenity": "atm",
        "brand": "State Bank of India",
        "brand:en": "State Bank of India",
        "brand:wikidata": "Q1340361",
        "currency:INR": "yes",
        "drive_through": "no",
        "indoor": "yes",
        "note": "Contributors are requested to not edit the \"brand\", \"brand:en\", \"brand:wikidata\", \"operator\", \"operator:en\" and \"operator:wikidata\" tags. (2025/02/19)",
        "opening_hours": "24/7",
        "operator": "State Bank of India",
        "operator:en": "State Bank of India",
        "operator:wikidata": "Q1340361",
        "short_name": "SBI"
      },
      "geometry": {
        "type": "Point",
        "coordinates": [
          77.2121784,
          28.585425
        ]
      },
      "id": "node/5790138413"
    },
    {
      "type": "Feature",
      "properties": {
        "@id": "node/5790140512",
        "amenity": "atm",
        "brand": "Axis Bank",
        "brand:wikidata": "Q2003549",
        "cash_in": "yes",
        "opening_hours": "24/7",
        "operator": "Axis Bank",
        "operator:wikidata": "Q2003549"
      },
      "geometry": {
        "type": "Point",
        "coordinates": [
          77.2025018,
          28.5203162
        ]
      },
      "id": "node/5790140512"
    },
    {
      "type": "Feature",
      "properties": {
        "@id": "node/5794948565",
        "amenity": "atm",
        "brand": "Canara Bank",
        "brand:en": "Canara Bank",
        "brand:hi": "\u0915\u0947\u0928\u0930\u093e \u092c\u0948\u0902\u0915",
        "brand:kn": "\u0c95\u0cc6\u0ca8\u0cb0\u0cbe \u0cac\u0ccd\u0caf\u0cbe\u0c82\u0c95\u0ccd",
        "brand:pa": "\u0a15\u0a47\u0a28\u0a30\u0a3e \u0a2c\u0a48\u0a02\u0a15",
        "brand:pnb": "\u06a9\u06cc\u0646\u0631\u0627 \u0628\u06cc\u0646\u06a9",
        "brand:ur": "\u06a9\u06cc\u0646\u0631\u0627 \u0628\u06cc\u0646\u06a9",
        "brand:wikidata": "Q2003777",
        "name:en": "Canara Bank",
        "name:hi": "\u0915\u0947\u0928\u0930\u093e \u092c\u0948\u0902\u0915",
        "name:kn": "\u0c95\u0cc6\u0ca8\u0cb0\u0cbe \u0cac\u0ccd\u0caf\u0cbe\u0c82\u0c95\u0ccd",
        "name:pa": "\u0a15\u0a47\u0a28\u0a30\u0a3e \u0a2c\u0a48\u0a02\u0a15",
        "name:pnb": "\u06a9\u06cc\u0646\u0631\u0627 \u0628\u06cc\u0646\u06a9",
        "name:ur": "\u06a9\u06cc\u0646\u0631\u0627 \u0628\u06cc\u0646\u06a9",
        "operator": "Canara Bank",
        "operator:wikidata": "Q2003777"
      },
      "geometry": {
        "type": "Point",
        "coordinates": [
          77.2508159,
          28.5466499
        ]
      },
      "id": "node/5794948565"
    },
    {
      "type": "Feature",
      "properties": {
        "@id": "node/5794949112",
        "amenity": "atm",
        "bank": "ICICI Bank",
        "check_date": "2023-05-28"
      },
      "geometry": {
        "type": "Point",
        "coordinates": [
          77.251017,
          28.5477352
        ]
      },
      "id": "node/5794949112"
    },
    {
      "type": "Feature",
      "properties": {
        "@id": "node/5794949352",
        "amenity": "atm",
        "brand": "State Bank of India",
        "brand:en": "State Bank of India",
        "brand:short": "SBI",
        "brand:wikidata": "Q1340361",
        "currency:INR": "yes",
        "drive_through": "no",
        "indoor": "yes",
        "note": "Contributors are requested to not edit the \"brand\", \"brand:en\", \"brand:wikidata\", \"operator\", \"operator:en\" and \"operator:wikidata\" tags. (2025/02/19)",
        "opening_hours": "24/7",
        "operator": "State Bank of India",
        "operator:en": "State Bank of India",
        "operator:wikidata": "Q1340361",
        "short_name": "SBI"
      },
      "geometry": {
        "type": "Point",
        "coordinates": [
          77.2511546,
          28.5474798
        ]
      },
      "id": "node/5794949352"
    },
    {
      "type": "Feature",
      "properties": {
        "@id": "node/5799044046",
        "amenity": "atm",
        "brand": "Union Bank of India",
        "brand:wikidata": "Q2004078",
        "opening_hours": "24/7",
        "operator": "Union Bank of India",
        "operator:wikidata": "Q2004078"
      },
      "geometry": {
        "type": "Point",
        "coordinates": [
          77.2149563,
          28.5222089
        ]
      },
      "id": "node/5799044046"
    },
    {
      "type": "Feature",
      "properties": {
        "@id": "node/5804015433",
        "amenity": "atm",
        "brand": "ICICI Bank",
        "brand:en": "ICICI Bank",
        "brand:wikidata": "Q1653258",
        "currency:INR": "yes",
        "drive_through": "no",
        "indoor": "yes",
        "level": "0.5",
        "note": "Contributors are requested to not edit the \"brand\", \"brand:en\", \"brand:wikidata\", \"operator\", \"operator:en\" and \"operator:wikidata\" tags. (2025/02/19)",
        "opening_hours": "24/7",
        "operator": "ICICI Bank",
        "operator:en": "ICICI Bank",
        "operator:wikidata": "Q1653258",
        "short_name": "ICICI"
      },
      "geometry": {
        "type": "Point",
        "coordinates": [
          77.2061835,
          28.5215806
        ]
      },
      "id": "node/5804015433"
    },
    {
      "type": "Feature",
      "properties": {
        "@id": "node/5804015436",
        "amenity": "atm",
        "brand": "IDBI Bank",
        "brand:wikidata": "Q3633485",
        "opening_hours": "24/7",
        "operator": "IDBI Bank",
        "operator:wikidata": "Q3633485",
        "short_name": "IDBI"
      },
      "geometry": {
        "type": "Point",
        "coordinates": [
          77.2061288,
          28.5214032
        ]
      },
      "id": "node/5804015436"
    },
    {
      "type": "Feature",
      "properties": {
        "@id": "node/5827206259",
        "amenity": "atm",
        "brand": "Bank of Baroda",
        "brand:hi": "\u0935\u093f\u091c\u092f\u093e \u092c\u0948\u0928\u094d\u0915",
        "brand:wikidata": "Q2003797",
        "operator": "Bank of Baroda",
        "operator:wikidata": "Q2003797"
      },
      "geometry": {
        "type": "Point",
        "coordinates": [
          77.2106819,
          28.5353044
        ]
      },
      "id": "node/5827206259"
    },
    {
      "type": "Feature",
      "properties": {
        "@id": "node/5827206838",
        "amenity": "atm",
        "brand": "Punjab National Bank",
        "brand:short": "PNB",
        "brand:wikidata": "Q2743499",
        "level": "1",
        "operator": "Punjab National Bank",
        "operator:wikidata": "Q2743499"
      },
      "geometry": {
        "type": "Point",
        "coordinates": [
          77.2101576,
          28.5347995
        ]
      },
      "id": "node/5827206838"
    },
    {
      "type": "Feature",
      "properties": {
        "@id": "node/5827206841",
        "amenity": "bank",
        "atm": "yes",
        "branch": "Shivalik",
        "brand": "Federal Bank",
        "brand:wikidata": "Q2044983",
        "name": "Federal Bank"
      },
      "geometry": {
        "type": "Point",
        "coordinates": [
          77.2057344,
          28.5329095
        ]
      },
      "id": "node/5827206841"
    },
    {
      "type": "Feature",
      "properties": {
        "@id": "node/5833418534",
        "amenity": "atm",
        "brand": "Punjab National Bank",
        "brand:short": "PNB",
        "brand:wikidata": "Q2743499",
        "operator": "Punjab National Bank",
        "operator:wikidata": "Q2743499"
      },
      "geometry": {
        "type": "Point",
        "coordinates": [
          77.2160961,
          28.5215529
        ]
      },
      "id": "node/5833418534"
    },
    {
      "type": "Feature",
      "properties": {
        "@id": "node/5833420547",
        "amenity": "atm",
        "brand": "Allahabad Bank",
        "brand:wikidata": "Q2018840",
        "level": "0.5",
        "operator": "Allahabad Bank",
        "operator:wikidata": "Q2018840"
      },
      "geometry": {
        "type": "Point",
        "coordinates": [
          77.2155672,
          28.5220531
        ]
      },
      "id": "node/5833420547"
    },
    {
      "type": "Feature",
      "properties": {
        "@id": "node/5833420610",
        "amenity": "atm",
        "brand": "Bank of Baroda",
        "brand:wikidata": "Q2003797",
        "opening_hours": "24/7",
        "operator": "Bank of Baroda",
        "operator:wikidata": "Q2003797"
      },
      "geometry": {
        "type": "Point",
        "coordinates": [
          77.206085,
          28.5212727
        ]
      },
      "id": "node/5833420610"
    },
    {
      "type": "Feature",
      "properties": {
        "@id": "node/5833420612",
        "amenity": "atm",
        "brand": "Kotak Mahindra Bank",
        "brand:wikidata": "Q2040404",
        "opening_hours": "24/7",
        "operator": "Kotak Mahindra Bank",
        "operator:wikidata": "Q2040404"
      },
      "geometry": {
        "type": "Point",
        "coordinates": [
          77.2059981,
          28.5209123
        ]
      },
      "id": "node/5833420612"
    },
    {
      "type": "Feature",
      "properties": {
        "@id": "node/5909689006",
        "amenity": "atm",
        "brand": "Punjab National Bank",
        "brand:short": "PNB",
        "brand:wikidata": "Q2743499",
        "opening_hours": "24/7",
        "operator": "Punjab National Bank",
        "operator:wikidata": "Q2743499"
      },
      "geometry": {
        "type": "Point",
        "coordinates": [
          77.2067649,
          28.5189235
        ]
      },
      "id": "node/5909689006"
    },
    {
      "type": "Feature",
      "properties": {
        "@id": "node/5940936649",
        "amenity": "atm",
        "brand": "Syndicate Bank",
        "brand:wikidata": "Q2004088",
        "name": "Syndicate Bank",
        "operator": "Syndicate Bank",
        "operator:wikidata": "Q2004088"
      },
      "geometry": {
        "type": "Point",
        "coordinates": [
          77.1870021,
          28.5684294
        ]
      },
      "id": "node/5940936649"
    },
    {
      "type": "Feature",
      "properties": {
        "@id": "node/5940937490",
        "amenity": "atm",
        "brand": "Union Bank of India",
        "brand:wikidata": "Q2004078",
        "name": "Union Bank of India",
        "operator": "Union Bank of India",
        "operator:wikidata": "Q2004078"
      },
      "geometry": {
        "type": "Point",
        "coordinates": [
          77.1842925,
          28.5712997
        ]
      },
      "id": "node/5940937490"
    },
    {
      "type": "Feature",
      "properties": {
        "@id": "node/5960718386",
        "amenity": "atm"
      },
      "geometry": {
        "type": "Point",
        "coordinates": [
          77.2183321,
          28.5329875
        ]
      },
      "id": "node/5960718386"
    },
    {
      "type": "Feature",
      "properties": {
        "@id": "node/5960737989",
        "amenity": "atm"
      },
      "geometry": {
        "type": "Point",
        "coordinates": [
          77.2172921,
          28.5309296
        ]
      },
      "id": "node/5960737989"
    },
    {
      "type": "Feature",
      "properties": {
        "@id": "node/5960793700",
        "amenity": "atm",
        "brand": "ICICI Bank",
        "brand:en": "ICICI Bank",
        "brand:wikidata": "Q1653258",
        "check_date": "2023-05-04",
        "currency:INR": "yes",
        "drive_through": "no",
        "indoor": "yes",
        "name": "ICICI Bank",
        "note": "Contributors are requested to not edit the \"brand\", \"brand:en\", \"brand:wikidata\", \"operator\", \"operator:en\" and \"operator:wikidata\" tags. (2025/02/19)",
        "opening_hours": "24/7",
        "operator": "ICICI Bank",
        "operator:en": "ICICI Bank",
        "operator:wikidata": "Q1653258",
        "short_name": "ICICI"
      },
      "geometry": {
        "type": "Point",
        "coordinates": [
          77.2167704,
          28.5355875
        ]
      },
      "id": "node/5960793700"
    },
    {
      "type": "Feature",
      "properties": {
        "@id": "node/5960820379",
        "amenity": "atm",
        "name": "Indicash"
      },
      "geometry": {
        "type": "Point",
        "coordinates": [
          77.218321,
          28.532931
        ]
      },
      "id": "node/5960820379"
    },
    {
      "type": "Feature",
      "properties": {
        "@id": "node/5960821086",
        "amenity": "atm",
        "operator": "canara "
      },
      "geometry": {
        "type": "Point",
        "coordinates": [
          77.2183666,
          28.5329514
        ]
      },
      "id": "node/5960821086"
    },
    {
      "type": "Feature",
      "properties": {
        "@id": "node/5960832388",
        "amenity": "atm",
        "brand": "HDFC Bank",
        "brand:en": "HDFC Bank",
        "brand:wikidata": "Q631047",
        "currency:INR": "yes",
        "drive_through": "no",
        "indoor": "yes",
        "note": "Contributors are requested to not edit the \"brand\", \"brand:en\", \"brand:wikidata\", \"operator\", \"operator:en\" and \"operator:wikidata\" tags. (2025/02/19)",
        "opening_hours": "24/7",
        "operator": "HDFC Bank",
        "operator:en": "HDFC Bank",
        "operator:wikidata": "Q631047",
        "short_name": "HDFC"
      },
      "geometry": {
        "type": "Point",
        "coordinates": [
          77.2168822,
          28.5347536
        ]
      },
      "id": "node/5960832388"
    },
    {
      "type": "Feature",
      "properties": {
        "@id": "node/6006345956",
        "amenity": "atm",
        "wheelchair": "no"
      },
      "geometry": {
        "type": "Point",
        "coordinates": [
          77.2449818,
          28.5621612
        ]
      },
      "id": "node/6006345956"
    },
    {
      "type": "Feature",
      "properties": {
        "@id": "node/6021054085",
        "amenity": "bank",
        "atm": "yes",
        "branch": "Aurobindo College",
        "brand": "Canara Bank",
        "brand:en": "Canara Bank",
        "brand:hi": "\u0915\u0947\u0928\u0930\u093e \u092c\u0948\u0902\u0915",
        "brand:kn": "\u0c95\u0cc6\u0ca8\u0cb0\u0cbe \u0cac\u0ccd\u0caf\u0cbe\u0c82\u0c95\u0ccd",
        "brand:pa": "\u0a15\u0a47\u0a28\u0a30\u0a3e \u0a2c\u0a48\u0a02\u0a15",
        "brand:pnb": "\u06a9\u06cc\u0646\u0631\u0627 \u0628\u06cc\u0646\u06a9",
        "brand:ur": "\u06a9\u06cc\u0646\u0631\u0627 \u0628\u06cc\u0646\u06a9",
        "brand:wikidata": "Q2003777",
        "name": "Canara Bank",
        "name:en": "Canara Bank",
        "name:hi": "\u0915\u0947\u0928\u0930\u093e \u092c\u0948\u0902\u0915",
        "name:kn": "\u0c95\u0cc6\u0ca8\u0cb0\u0cbe \u0cac\u0ccd\u0caf\u0cbe\u0c82\u0c95\u0ccd",
        "name:pa": "\u0a15\u0a47\u0a28\u0a30\u0a3e \u0a2c\u0a48\u0a02\u0a15",
        "name:pnb": "\u06a9\u06cc\u0646\u0631\u0627 \u0628\u06cc\u0646\u06a9",
        "name:ur": "\u06a9\u06cc\u0646\u0631\u0627 \u0628\u06cc\u0646\u06a9"
      },
      "geometry": {
        "type": "Point",
        "coordinates": [
          77.2036912,
          28.5333812
        ]
      },
      "id": "node/6021054085"
    },
    {
      "type": "Feature",
      "properties": {
        "@id": "node/6053797794",
        "amenity": "atm",
        "brand": "ICICI Bank",
        "brand:en": "ICICI Bank",
        "brand:wikidata": "Q1653258",
        "currency:INR": "yes",
        "drive_through": "no",
        "indoor": "yes",
        "note": "Contributors are requested to not edit the \"brand\", \"brand:en\", \"brand:wikidata\", \"operator\", \"operator:en\" and \"operator:wikidata\" tags. (2025/02/19)",
        "opening_hours": "24/7",
        "operator": "ICICI Bank",
        "operator:en": "ICICI Bank",
        "operator:wikidata": "Q1653258",
        "short_name": "ICICI"
      },
      "geometry": {
        "type": "Point",
        "coordinates": [
          77.2415223,
          28.5743301
        ]
      },
      "id": "node/6053797794"
    },
    {
      "type": "Feature",
      "properties": {
        "@id": "node/6064335434",
        "amenity": "atm",
        "brand": "ICICI Bank",
        "brand:en": "ICICI Bank",
        "brand:wikidata": "Q1653258",
        "currency:INR": "yes",
        "drive_through": "no",
        "indoor": "yes",
        "note": "Contributors are requested to not edit the \"brand\", \"brand:en\", \"brand:wikidata\", \"operator\", \"operator:en\" and \"operator:wikidata\" tags. (2025/02/19)",
        "opening_hours": "24/7",
        "operator": "ICICI Bank",
        "operator:en": "ICICI Bank",
        "operator:wikidata": "Q1653258",
        "short_name": "ICICI",
        "wheelchair": "no"
      },
      "geometry": {
        "type": "Point",
        "coordinates": [
          77.2068609,
          28.5341404
        ]
      },
      "id": "node/6064335434"
    },
    {
      "type": "Feature",
      "properties": {
        "@id": "node/6112993600",
        "amenity": "atm",
        "brand": "Kotak Mahindra Bank",
        "brand:wikidata": "Q2040404",
        "check_date": "2024-09-29",
        "drive_through": "no",
        "name": "Kotak Mahindra Bank",
        "opening_hours": "24/7",
        "operator": "Kotak Mahindra Bank",
        "operator:wikidata": "Q2040404"
      },
      "geometry": {
        "type": "Point",
        "coordinates": [
          77.247302,
          28.5678663
        ]
      },
      "id": "node/6112993600"
    },
    {
      "type": "Feature",
      "properties": {
        "@id": "node/6112995975",
        "amenity": "atm",
        "brand": "State Bank of India",
        "brand:en": "State Bank of India",
        "brand:short": "SBI",
        "brand:wikidata": "Q1340361",
        "currency:INR": "yes",
        "drive_through": "no",
        "indoor": "yes",
        "note": "Contributors are requested to not edit the \"brand\", \"brand:en\", \"brand:wikidata\", \"operator\", \"operator:en\" and \"operator:wikidata\" tags. (2025/02/19)",
        "opening_hours": "24/7",
        "operator": "State Bank of India",
        "operator:en": "State Bank of India",
        "operator:wikidata": "Q1340361",
        "short_name": "SBI"
      },
      "geometry": {
        "type": "Point",
        "coordinates": [
          77.256022,
          28.5479351
        ]
      },
      "id": "node/6112995975"
    },
    {
      "type": "Feature",
      "properties": {
        "@id": "node/6112995977",
        "air_conditioning": "yes",
        "amenity": "bank",
        "atm": "yes",
        "branch": "Lajpat Nagar",
        "brand": "Kotak Mahindra Bank",
        "brand:wikidata": "Q2040404",
        "check_date": "2024-09-29",
        "drive_through": "no",
        "name": "Kotak Mahindra Bank",
        "name:en": "Kotak Mahindra Bank",
        "opening_hours": "Mo-Sa 09:30-16:30; Sa[2,4] closed",
        "operator": "Kotak Mahindra Bank Limited"
      },
      "geometry": {
        "type": "Point",
        "coordinates": [
          77.24731,
          28.5678931
        ]
      },
      "id": "node/6112995977"
    },
    {
      "type": "Feature",
      "properties": {
        "@id": "node/6115743819",
        "amenity": "atm",
        "brand": "State Bank of India",
        "brand:en": "State Bank of India",
        "brand:short": "SBI",
        "brand:wikidata": "Q1340361",
        "currency:INR": "yes",
        "drive_through": "no",
        "indoor": "yes",
        "note": "Contributors are requested to not edit the \"brand\", \"brand:en\", \"brand:wikidata\", \"operator\", \"operator:en\" and \"operator:wikidata\" tags. (2025/02/19)",
        "opening_hours": "24/7",
        "operator": "State Bank of India",
        "operator:en": "State Bank of India",
        "operator:wikidata": "Q1340361",
        "short_name": "SBI"
      },
      "geometry": {
        "type": "Point",
        "coordinates": [
          77.2247295,
          28.5164119
        ]
      },
      "id": "node/6115743819"
    },
    {
      "type": "Feature",
      "properties": {
        "@id": "node/6115745984",
        "amenity": "atm",
        "brand": "IDBI Bank",
        "brand:wikidata": "Q3633485",
        "level": "0",
        "operator": "IDBI Bank",
        "operator:wikidata": "Q3633485",
        "short_name": "IDBI",
        "wheelchair": "no"
      },
      "geometry": {
        "type": "Point",
        "coordinates": [
          77.2508584,
          28.5498682
        ]
      },
      "id": "node/6115745984"
    },
    {
      "type": "Feature",
      "properties": {
        "@id": "node/6115748985",
        "addr:block": "K",
        "addr:city": "New Delhi",
        "addr:housenumber": "91",
        "addr:place": "Central Market",
        "addr:postcode": "110024",
        "addr:suburb": "Lajpat Nagar",
        "amenity": "bank",
        "atm": "yes",
        "branch": "Lajpat Nagar",
        "brand": "ICICI Bank",
        "brand:wikidata": "Q1653258",
        "check_date": "2024-09-29",
        "drive_through": "no",
        "level": "0",
        "name": "ICICI Bank",
        "name:en": "ICICI Bank",
        "opening_hours": "Mo-Sa 09:30-16:30; Sa[2,4], Su, PH off",
        "operator": "ICICI Bank Limited",
        "short_name": "ICICI",
        "wheelchair": "no"
      },
      "geometry": {
        "type": "Point",
        "coordinates": [
          77.2464153,
          28.5678156
        ]
      },
      "id": "node/6115748985"
    },
    {
      "type": "Feature",
      "properties": {
        "@id": "node/6115749030",
        "amenity": "atm",
        "brand": "HDFC Bank",
        "brand:en": "HDFC Bank",
        "brand:wikidata": "Q631047",
        "currency:INR": "yes",
        "drive_through": "no",
        "indoor": "yes",
        "note": "Contributors are requested to not edit the \"brand\", \"brand:en\", \"brand:wikidata\", \"operator\", \"operator:en\" and \"operator:wikidata\" tags. (2025/02/19)",
        "opening_hours": "24/7",
        "operator": "HDFC Bank",
        "operator:en": "HDFC Bank",
        "operator:wikidata": "Q631047",
        "short_name": "HDFC"
      },
      "geometry": {
        "type": "Point",
        "coordinates": [
          77.2596485,
          28.5336588
        ]
      },
      "id": "node/6115749030"
    },
    {
      "type": "Feature",
      "properties": {
        "@id": "node/6115749046",
        "amenity": "atm",
        "brand": "State Bank of India",
        "brand:en": "State Bank of India",
        "brand:short": "SBI",
        "brand:wikidata": "Q1340361",
        "currency:INR": "yes",
        "drive_through": "no",
        "indoor": "yes",
        "level": "1",
        "note": "Contributors are requested to not edit the \"brand\", \"brand:en\", \"brand:wikidata\", \"operator\", \"operator:en\" and \"operator:wikidata\" tags. (2025/02/19)",
        "opening_hours": "24/7",
        "operator": "State Bank of India",
        "operator:en": "State Bank of India",
        "operator:wikidata": "Q1340361",
        "short_name": "SBI"
      },
      "geometry": {
        "type": "Point",
        "coordinates": [
          77.2514471,
          28.5513298
        ]
      },
      "id": "node/6115749046"
    },
    {
      "type": "Feature",
      "properties": {
        "@id": "node/6115749179",
        "amenity": "atm",
        "brand": "State Bank of India",
        "brand:en": "State Bank of India",
        "brand:short": "SBI",
        "brand:wikidata": "Q1340361",
        "currency:INR": "yes",
        "drive_through": "no",
        "indoor": "yes",
        "note": "Contributors are requested to not edit the \"brand\", \"brand:en\", \"brand:wikidata\", \"operator\", \"operator:en\" and \"operator:wikidata\" tags. (2025/02/19)",
        "opening_hours": "24/7",
        "operator": "State Bank of India",
        "operator:en": "State Bank of India",
        "operator:wikidata": "Q1340361",
        "short_name": "SBI"
      },
      "geometry": {
        "type": "Point",
        "coordinates": [
          77.261171,
          28.5376883
        ]
      },
      "id": "node/6115749179"
    },
    {
      "type": "Feature",
      "properties": {
        "@id": "node/6115749665",
        "amenity": "atm",
        "brand": "ICICI Bank",
        "brand:en": "ICICI Bank",
        "brand:wikidata": "Q1653258",
        "currency:INR": "yes",
        "drive_through": "no",
        "indoor": "yes",
        "note": "Contributors are requested to not edit the \"brand\", \"brand:en\", \"brand:wikidata\", \"operator\", \"operator:en\" and \"operator:wikidata\" tags. (2025/02/19)",
        "opening_hours": "24/7",
        "operator": "ICICI Bank",
        "operator:en": "ICICI Bank",
        "operator:wikidata": "Q1653258",
        "short_name": "ICICI"
      },
      "geometry": {
        "type": "Point",
        "coordinates": [
          77.2530021,
          28.5422141
        ]
      },
      "id": "node/6115749665"
    },
    {
      "type": "Feature",
      "properties": {
        "@id": "node/6120508420",
        "amenity": "atm",
        "brand": "Yes Bank",
        "brand:wikidata": "Q2040394",
        "operator": "Yes Bank",
        "operator:wikidata": "Q2040394"
      },
      "geometry": {
        "type": "Point",
        "coordinates": [
          77.2044123,
          28.5505274
        ]
      },
      "id": "node/6120508420"
    },
    {
      "type": "Feature",
      "properties": {
        "@id": "node/6124471514",
        "amenity": "atm",
        "brand": "Yes Bank",
        "brand:wikidata": "Q2040394",
        "opening_hours": "24/7",
        "operator": "Yes Bank",
        "operator:wikidata": "Q2040394"
      },
      "geometry": {
        "type": "Point",
        "coordinates": [
          77.2060799,
          28.5562264
        ]
      },
      "id": "node/6124471514"
    },
    {
      "type": "Feature",
      "properties": {
        "@id": "node/6124471516",
        "amenity": "atm",
        "brand": "Yes Bank",
        "brand:wikidata": "Q2040394",
        "opening_hours": "24/7",
        "operator": "Yes Bank",
        "operator:wikidata": "Q2040394"
      },
      "geometry": {
        "type": "Point",
        "coordinates": [
          77.2050158,
          28.5197606
        ]
      },
      "id": "node/6124471516"
    },
    {
      "type": "Feature",
      "properties": {
        "@id": "node/6124471517",
        "amenity": "atm",
        "brand": "Standard Chartered",
        "brand:wikidata": "Q548278",
        "operator": "Standard Chartered",
        "operator:wikidata": "Q548278"
      },
      "geometry": {
        "type": "Point",
        "coordinates": [
          77.2032707,
          28.5325585
        ]
      },
      "id": "node/6124471517"
    },
    {
      "type": "Feature",
      "properties": {
        "@id": "node/6150152438",
        "amenity": "atm",
        "brand": "Standard Chartered",
        "brand:wikidata": "Q548278",
        "level": "0.5",
        "operator": "Standard Chartered",
        "operator:wikidata": "Q548278"
      },
      "geometry": {
        "type": "Point",
        "coordinates": [
          77.2060542,
          28.5210402
        ]
      },
      "id": "node/6150152438"
    },
    {
      "type": "Feature",
      "properties": {
        "@id": "node/6150155407",
        "amenity": "atm",
        "brand": "Kotak Mahindra Bank",
        "brand:wikidata": "Q2040404",
        "opening_hours": "24/7",
        "operator": "Kotak Mahindra Bank",
        "operator:wikidata": "Q2040404"
      },
      "geometry": {
        "type": "Point",
        "coordinates": [
          77.2068967,
          28.5236422
        ]
      },
      "id": "node/6150155407"
    },
    {
      "type": "Feature",
      "properties": {
        "@id": "node/6150155850",
        "amenity": "atm",
        "brand": "IndusInd Bank",
        "brand:wikidata": "Q2040323",
        "level": "1",
        "opening_hours": "24/7",
        "operator": "IndusInd Bank",
        "operator:wikidata": "Q2040323"
      },
      "geometry": {
        "type": "Point",
        "coordinates": [
          77.206107,
          28.5212087
        ]
      },
      "id": "node/6150155850"
    },
    {
      "type": "Feature",
      "properties": {
        "@id": "node/6152749867",
        "amenity": "atm",
        "brand": "State Bank of India",
        "brand:en": "State Bank of India",
        "brand:short": "SBI",
        "brand:wikidata": "Q1340361",
        "currency:INR": "yes",
        "drive_through": "no",
        "indoor": "yes",
        "note": "Contributors are requested to not edit the \"brand\", \"brand:en\", \"brand:wikidata\", \"operator\", \"operator:en\" and \"operator:wikidata\" tags. (2025/02/19)",
        "opening_hours": "24/7",
        "operator": "State Bank of India",
        "operator:en": "State Bank of India",
        "operator:wikidata": "Q1340361",
        "short_name": "SBI"
      },
      "geometry": {
        "type": "Point",
        "coordinates": [
          77.2109777,
          28.5355239
        ]
      },
      "id": "node/6152749867"
    },
    {
      "type": "Feature",
      "properties": {
        "@id": "node/6182616196",
        "amenity": "atm",
        "brand": "Oriental Bank of Commerce",
        "opening_hours": "24/7"
      },
      "geometry": {
        "type": "Point",
        "coordinates": [
          77.2381378,
          28.5774936
        ]
      },
      "id": "node/6182616196"
    },
    {
      "type": "Feature",
      "properties": {
        "@id": "node/6198749730",
        "amenity": "bank",
        "atm": "yes",
        "branch": "New Friends Colony",
        "brand": "ICICI Bank",
        "brand:wikidata": "Q1653258",
        "name": "ICICI Bank",
        "short_name": "ICICI"
      },
      "geometry": {
        "type": "Point",
        "coordinates": [
          77.2678204,
          28.5615898
        ]
      },
      "id": "node/6198749730"
    },
    {
      "type": "Feature",
      "properties": {
        "@id": "node/6198752462",
        "amenity": "bank",
        "atm": "yes",
        "branch": "New Friends Colony",
        "brand": "Corporation Bank",
        "brand:wikidata": "Q2003387",
        "name": "Corporation Bank"
      },
      "geometry": {
        "type": "Point",
        "coordinates": [
          77.2673019,
          28.5612101
        ]
      },
      "id": "node/6198752462"
    },
    {
      "type": "Feature",
      "properties": {
        "@id": "node/6213649153",
        "amenity": "atm",
        "brand": "State Bank of India",
        "brand:short": "SBI",
        "level": "-1"
      },
      "geometry": {
        "type": "Point",
        "coordinates": [
          77.2093569,
          28.5755942
        ]
      },
      "id": "node/6213649153"
    },
    {
      "type": "Feature",
      "properties": {
        "@id": "node/6217178354",
        "addr:block": "K",
        "addr:city": "Delhi",
        "addr:housenumber": "K-91;91",
        "addr:place": "Lajpat Nagar",
        "addr:postcode": "110024",
        "addr:state": "DL",
        "addr:street": "Veer Savarkar Marg",
        "amenity": "bank",
        "atm": "yes",
        "branch": "Lajpat Nagar",
        "brand": "Punjab National Bank",
        "brand:short": "PNB",
        "brand:wikidata": "Q2743499",
        "check_date": "2024-09-29",
        "drive_through": "no",
        "level": "1",
        "name": "Punjab National Bank",
        "name:en": "Punjab National Bank",
        "opening_hours": "Mo-Sa 09:30-16:30; Sa[2,4] closed",
        "operator": "Punjab National Bank Limited"
      },
      "geometry": {
        "type": "Point",
        "coordinates": [
          77.2463727,
          28.5678322
        ]
      },
      "id": "node/6217178354"
    },
    {
      "type": "Feature",
      "properties": {
        "@id": "node/6217178355",
        "amenity": "bank",
        "atm": "yes",
        "branch": "Lajpat Nagar",
        "brand": "Utkarsh Small Finance Bank",
        "level": "0",
        "name": "Utkarsh Small Finance Bank"
      },
      "geometry": {
        "type": "Point",
        "coordinates": [
          77.246465,
          28.5677989
        ]
      },
      "id": "node/6217178355"
    },
    {
      "type": "Feature",
      "properties": {
        "@id": "node/6265648170",
        "amenity": "bank",
        "atm": "yes",
        "branch": "South Extension Part 2",
        "brand": "State Bank of India",
        "brand:short": "SBI",
        "brand:wikidata": "Q1340361",
        "name": "State Bank of India",
        "short_name": "SBI"
      },
      "geometry": {
        "type": "Point",
        "coordinates": [
          77.2246261,
          28.5677074
        ]
      },
      "id": "node/6265648170"
    },
    {
      "type": "Feature",
      "properties": {
        "@id": "node/6265648174",
        "amenity": "atm",
        "brand": "Kotak Mahindra Bank",
        "brand:wikidata": "Q2040404",
        "opening_hours": "24/7",
        "operator": "Kotak Mahindra Bank",
        "operator:wikidata": "Q2040404"
      },
      "geometry": {
        "type": "Point",
        "coordinates": [
          77.2244999,
          28.5677385
        ]
      },
      "id": "node/6265648174"
    },
    {
      "type": "Feature",
      "properties": {
        "@id": "node/6269340659",
        "amenity": "atm",
        "brand": "IDBI Bank",
        "brand:wikidata": "Q3633485",
        "opening_hours": "24/7",
        "operator": "IDBI Bank",
        "operator:wikidata": "Q3633485",
        "short_name": "IDBI",
        "wheelchair": "no"
      },
      "geometry": {
        "type": "Point",
        "coordinates": [
          77.20362,
          28.5327426
        ]
      },
      "id": "node/6269340659"
    },
    {
      "type": "Feature",
      "properties": {
        "@id": "node/6275719371",
        "amenity": "atm",
        "brand": "IndusInd Bank",
        "brand:wikidata": "Q2040323",
        "opening_hours": "24/7",
        "operator": "IndusInd Bank",
        "operator:wikidata": "Q2040323",
        "wheelchair": "no"
      },
      "geometry": {
        "type": "Point",
        "coordinates": [
          77.2542059,
          28.5421614
        ]
      },
      "id": "node/6275719371"
    },
    {
      "type": "Feature",
      "properties": {
        "@id": "node/6314478110",
        "amenity": "atm",
        "brand": "HDFC Bank",
        "brand:en": "HDFC Bank",
        "brand:wikidata": "Q631047",
        "currency:INR": "yes",
        "drive_through": "no",
        "indoor": "yes",
        "note": "Contributors are requested to not edit the \"brand\", \"brand:en\", \"brand:wikidata\", \"operator\", \"operator:en\" and \"operator:wikidata\" tags. (2025/02/19)",
        "opening_hours": "24/7",
        "operator": "HDFC Bank",
        "operator:en": "HDFC Bank",
        "operator:wikidata": "Q631047",
        "short_name": "HDFC"
      },
      "geometry": {
        "type": "Point",
        "coordinates": [
          77.2079718,
          28.5224201
        ]
      },
      "id": "node/6314478110"
    },
    {
      "type": "Feature",
      "properties": {
        "@id": "node/6314478114",
        "amenity": "atm",
        "brand": "Canara Bank",
        "brand:en": "Canara Bank",
        "brand:hi": "\u0915\u0947\u0928\u0930\u093e \u092c\u0948\u0902\u0915",
        "brand:kn": "\u0c95\u0cc6\u0ca8\u0cb0\u0cbe \u0cac\u0ccd\u0caf\u0cbe\u0c82\u0c95\u0ccd",
        "brand:pa": "\u0a15\u0a47\u0a28\u0a30\u0a3e \u0a2c\u0a48\u0a02\u0a15",
        "brand:pnb": "\u06a9\u06cc\u0646\u0631\u0627 \u0628\u06cc\u0646\u06a9",
        "brand:ur": "\u06a9\u06cc\u0646\u0631\u0627 \u0628\u06cc\u0646\u06a9",
        "brand:wikidata": "Q2003777",
        "name:en": "Canara Bank",
        "name:hi": "\u0915\u0947\u0928\u0930\u093e \u092c\u0948\u0902\u0915",
        "name:kn": "\u0c95\u0cc6\u0ca8\u0cb0\u0cbe \u0cac\u0ccd\u0caf\u0cbe\u0c82\u0c95\u0ccd",
        "name:pa": "\u0a15\u0a47\u0a28\u0a30\u0a3e \u0a2c\u0a48\u0a02\u0a15",
        "name:pnb": "\u06a9\u06cc\u0646\u0631\u0627 \u0628\u06cc\u0646\u06a9",
        "name:ur": "\u06a9\u06cc\u0646\u0631\u0627 \u0628\u06cc\u0646\u06a9",
        "opening_hours": "24/7",
        "operator": "Canara Bank",
        "operator:wikidata": "Q2003777",
        "wheelchair": "no"
      },
      "geometry": {
        "type": "Point",
        "coordinates": [
          77.2083757,
          28.5235881
        ]
      },
      "id": "node/6314478114"
    },
    {
      "type": "Feature",
      "properties": {
        "@id": "node/6324858542",
        "amenity": "atm",
        "brand": "South Indian Bank",
        "brand:wikidata": "Q2044973",
        "opening_hours": "24/7",
        "operator": "South Indian Bank",
        "operator:wikidata": "Q2044973"
      },
      "geometry": {
        "type": "Point",
        "coordinates": [
          77.2118608,
          28.5386154
        ]
      },
      "id": "node/6324858542"
    },
    {
      "type": "Feature",
      "properties": {
        "@id": "node/6344914293",
        "amenity": "bank",
        "atm": "yes",
        "branch": "Okhla",
        "brand": "Canara Bank",
        "brand:en": "Canara Bank",
        "brand:hi": "\u0915\u0947\u0928\u0930\u093e \u092c\u0948\u0902\u0915",
        "brand:kn": "\u0c95\u0cc6\u0ca8\u0cb0\u0cbe \u0cac\u0ccd\u0caf\u0cbe\u0c82\u0c95\u0ccd",
        "brand:pa": "\u0a15\u0a47\u0a28\u0a30\u0a3e \u0a2c\u0a48\u0a02\u0a15",
        "brand:pnb": "\u06a9\u06cc\u0646\u0631\u0627 \u0628\u06cc\u0646\u06a9",
        "brand:ur": "\u06a9\u06cc\u0646\u0631\u0627 \u0628\u06cc\u0646\u06a9",
        "brand:wikidata": "Q2003777",
        "name": "Canara Bank",
        "name:en": "Canara Bank",
        "name:hi": "\u0915\u0947\u0928\u0930\u093e \u092c\u0948\u0902\u0915",
        "name:kn": "\u0c95\u0cc6\u0ca8\u0cb0\u0cbe \u0cac\u0ccd\u0caf\u0cbe\u0c82\u0c95\u0ccd",
        "name:pa": "\u0a15\u0a47\u0a28\u0a30\u0a3e \u0a2c\u0a48\u0a02\u0a15",
        "name:pnb": "\u06a9\u06cc\u0646\u0631\u0627 \u0628\u06cc\u0646\u06a9",
        "name:ur": "\u06a9\u06cc\u0646\u0631\u0627 \u0628\u06cc\u0646\u06a9"
      },
      "geometry": {
        "type": "Point",
        "coordinates": [
          77.263806,
          28.5578048
        ]
      },
      "id": "node/6344914293"
    },
    {
      "type": "Feature",
      "properties": {
        "@id": "node/6349285044",
        "amenity": "atm",
        "brand": "ICICI Bank",
        "brand:en": "ICICI Bank",
        "brand:wikidata": "Q1653258",
        "currency:INR": "yes",
        "drive_through": "no",
        "indoor": "yes",
        "note": "Contributors are requested to not edit the \"brand\", \"brand:en\", \"brand:wikidata\", \"operator\", \"operator:en\" and \"operator:wikidata\" tags. (2025/02/19)",
        "opening_hours": "24/7",
        "operator": "ICICI Bank",
        "operator:en": "ICICI Bank",
        "operator:wikidata": "Q1653258",
        "short_name": "ICICI"
      },
      "geometry": {
        "type": "Point",
        "coordinates": [
          77.1851493,
          28.5406895
        ]
      },
      "id": "node/6349285044"
    },
    {
      "type": "Feature",
      "properties": {
        "@id": "node/6349423456",
        "amenity": "atm",
        "brand": "ICICI Bank",
        "brand:en": "ICICI Bank",
        "brand:wikidata": "Q1653258",
        "currency:INR": "yes",
        "drive_through": "no",
        "indoor": "yes",
        "note": "Contributors are requested to not edit the \"brand\", \"brand:en\", \"brand:wikidata\", \"operator\", \"operator:en\" and \"operator:wikidata\" tags. (2025/02/19)",
        "opening_hours": "24/7",
        "operator": "ICICI Bank",
        "operator:en": "ICICI Bank",
        "operator:wikidata": "Q1653258",
        "short_name": "ICICI"
      },
      "geometry": {
        "type": "Point",
        "coordinates": [
          77.2805611,
          28.5031493
        ]
      },
      "id": "node/6349423456"
    },
    {
      "type": "Feature",
      "properties": {
        "@id": "node/6349423460",
        "amenity": "atm",
        "brand": "HDFC Bank",
        "brand:en": "HDFC Bank",
        "brand:wikidata": "Q631047",
        "currency:INR": "yes",
        "drive_through": "no",
        "indoor": "yes",
        "level": "0",
        "note": "Contributors are requested to not edit the \"brand\", \"brand:en\", \"brand:wikidata\", \"operator\", \"operator:en\" and \"operator:wikidata\" tags. (2025/02/19)",
        "opening_hours": "24/7",
        "operator": "HDFC Bank",
        "operator:en": "HDFC Bank",
        "operator:wikidata": "Q631047",
        "short_name": "HDFC",
        "wheelchair": "yes"
      },
      "geometry": {
        "type": "Point",
        "coordinates": [
          77.2536451,
          28.5616829
        ]
      },
      "id": "node/6349423460"
    },
    {
      "type": "Feature",
      "properties": {
        "@id": "node/6349423464",
        "amenity": "atm",
        "atm": "yes",
        "brand": "HDFC Bank",
        "brand:en": "HDFC Bank",
        "brand:wikidata": "Q631047",
        "currency:INR": "yes",
        "drive_through": "no",
        "indoor": "yes",
        "note": "Contributors are requested to not edit the \"brand\", \"brand:en\", \"brand:wikidata\", \"operator\", \"operator:en\" and \"operator:wikidata\" tags. (2025/02/19)",
        "opening_hours": "24/7",
        "operator": "HDFC Bank",
        "operator:en": "HDFC Bank",
        "operator:wikidata": "Q631047",
        "short_name": "HDFC"
      },
      "geometry": {
        "type": "Point",
        "coordinates": [
          77.2676022,
          28.5356479
        ]
      },
      "id": "node/6349423464"
    },
    {
      "type": "Feature",
      "properties": {
        "@id": "node/6351880330",
        "amenity": "atm",
        "brand": "HDFC Bank",
        "brand:en": "HDFC Bank",
        "brand:wikidata": "Q631047",
        "currency:INR": "yes",
        "drive_through": "no",
        "indoor": "yes",
        "note": "Contributors are requested to not edit the \"brand\", \"brand:en\", \"brand:wikidata\", \"operator\", \"operator:en\" and \"operator:wikidata\" tags. (2025/02/19)",
        "opening_hours": "24/7",
        "operator": "HDFC Bank",
        "operator:en": "HDFC Bank",
        "operator:wikidata": "Q631047",
        "short_name": "HDFC"
      },
      "geometry": {
        "type": "Point",
        "coordinates": [
          77.2513524,
          28.5440559
        ]
      },
      "id": "node/6351880330"
    },
    {
      "type": "Feature",
      "properties": {
        "@id": "node/6362609789",
        "amenity": "atm",
        "brand": "HDFC Bank",
        "brand:en": "HDFC Bank",
        "brand:wikidata": "Q631047",
        "currency:INR": "yes",
        "drive_through": "no",
        "indoor": "yes",
        "name": "Housing Development Finance Corporation",
        "note": "Contributors are requested to not edit the \"brand\", \"brand:en\", \"brand:wikidata\", \"operator\", \"operator:en\" and \"operator:wikidata\" tags. (2025/02/19)",
        "opening_hours": "24/7",
        "operator": "HDFC Bank",
        "operator:en": "HDFC Bank",
        "operator:wikidata": "Q631047",
        "short_name": "HDFC"
      },
      "geometry": {
        "type": "Point",
        "coordinates": [
          77.24678,
          28.5649455
        ]
      },
      "id": "node/6362609789"
    },
    {
      "type": "Feature",
      "properties": {
        "@id": "node/6362647074",
        "amenity": "atm",
        "brand": "Bank of Baroda",
        "opening_hours": "24/7"
      },
      "geometry": {
        "type": "Point",
        "coordinates": [
          77.2051064,
          28.5691541
        ]
      },
      "id": "node/6362647074"
    },
    {
      "type": "Feature",
      "properties": {
        "@id": "node/6367835291",
        "amenity": "atm",
        "brand": "Corporation Bank",
        "brand:wikidata": "Q2003387",
        "opening_hours": "24/7",
        "operator": "Corporation Bank",
        "operator:wikidata": "Q2003387",
        "wheelchair": "no"
      },
      "geometry": {
        "type": "Point",
        "coordinates": [
          77.1998695,
          28.5068891
        ]
      },
      "id": "node/6367835291"
    },
    {
      "type": "Feature",
      "properties": {
        "@id": "node/6385422570",
        "amenity": "atm",
        "brand": "State Bank of India",
        "brand:en": "State Bank of India",
        "brand:wikidata": "Q1340361",
        "currency:INR": "yes",
        "drive_through": "no",
        "indoor": "yes",
        "level": "0",
        "name": "State Bank of India",
        "note": "Contributors are requested to not edit the \"brand\", \"brand:en\", \"brand:wikidata\", \"operator\", \"operator:en\" and \"operator:wikidata\" tags. (2025/02/19)",
        "opening_hours": "24/7",
        "operator": "State Bank of India",
        "operator:en": "State Bank of India",
        "operator:wikidata": "Q1340361",
        "short_name": "SBI",
        "wheelchair": "no"
      },
      "geometry": {
        "type": "Point",
        "coordinates": [
          77.2443379,
          28.5686876
        ]
      },
      "id": "node/6385422570"
    },
    {
      "type": "Feature",
      "properties": {
        "@id": "node/6395693842",
        "amenity": "bank",
        "atm": "yes",
        "branch": "Defence Colony",
        "brand": "State Bank of India",
        "brand:wikidata": "Q1340361",
        "name": "State Bank of India",
        "short_name": "SBI"
      },
      "geometry": {
        "type": "Point",
        "coordinates": [
          77.2307872,
          28.5662032
        ]
      },
      "id": "node/6395693842"
    },
    {
      "type": "Feature",
      "properties": {
        "@id": "node/6403500830",
        "amenity": "atm",
        "brand": "Citibank",
        "brand:wikidata": "Q857063",
        "level": "0",
        "operator": "Citibank",
        "operator:wikidata": "Q857063",
        "short_name": "Citi"
      },
      "geometry": {
        "type": "Point",
        "coordinates": [
          77.2516633,
          28.5513144
        ]
      },
      "id": "node/6403500830"
    },
    {
      "type": "Feature",
      "properties": {
        "@id": "node/6411389717",
        "amenity": "atm",
        "brand": "Kotak Mahindra Bank",
        "brand:wikidata": "Q2040404",
        "opening_hours": "24/7",
        "operator": "Kotak Mahindra Bank",
        "operator:wikidata": "Q2040404",
        "wheelchair": "no"
      },
      "geometry": {
        "type": "Point",
        "coordinates": [
          77.185615,
          28.5405443
        ]
      },
      "id": "node/6411389717"
    },
    {
      "type": "Feature",
      "properties": {
        "@id": "node/6411418996",
        "amenity": "atm",
        "brand": "Axis Bank"
      },
      "geometry": {
        "type": "Point",
        "coordinates": [
          77.184306,
          28.50016
        ]
      },
      "id": "node/6411418996"
    },
    {
      "type": "Feature",
      "properties": {
        "@id": "node/6411419000",
        "amenity": "atm",
        "brand": "HDFC Bank"
      },
      "geometry": {
        "type": "Point",
        "coordinates": [
          77.1842797,
          28.500181
        ]
      },
      "id": "node/6411419000"
    },
    {
      "type": "Feature",
      "properties": {
        "@id": "node/6416175685",
        "amenity": "atm",
        "brand": "HSBC",
        "brand:wikidata": "Q190464",
        "operator": "HSBC",
        "operator:wikidata": "Q190464"
      },
      "geometry": {
        "type": "Point",
        "coordinates": [
          77.2412278,
          28.5481958
        ]
      },
      "id": "node/6416175685"
    },
    {
      "type": "Feature",
      "properties": {
        "@id": "node/6459196242",
        "amenity": "bank",
        "atm": "yes",
        "brand": "Yes Bank",
        "brand:wikidata": "Q2040394",
        "name": "Yes Bank"
      },
      "geometry": {
        "type": "Point",
        "coordinates": [
          77.2547119,
          28.5415199
        ]
      },
      "id": "node/6459196242"
    },
    {
      "type": "Feature",
      "properties": {
        "@id": "node/6459239173",
        "amenity": "atm",
        "brand": "Axis Bank",
        "brand:wikidata": "Q2003549",
        "operator": "Axis Bank",
        "operator:wikidata": "Q2003549"
      },
      "geometry": {
        "type": "Point",
        "coordinates": [
          77.257228,
          28.5274778
        ]
      },
      "id": "node/6459239173"
    },
    {
      "type": "Feature",
      "properties": {
        "@id": "node/6459239175",
        "amenity": "atm",
        "brand": "IndusInd Bank",
        "brand:wikidata": "Q2040323",
        "opening_hours": "24/7",
        "operator": "IndusInd Bank",
        "operator:wikidata": "Q2040323"
      },
      "geometry": {
        "type": "Point",
        "coordinates": [
          77.2572345,
          28.5275059
        ]
      },
      "id": "node/6459239175"
    },
    {
      "type": "Feature",
      "properties": {
        "@id": "node/6459315287",
        "amenity": "atm",
        "brand": "IndusInd Bank",
        "brand:wikidata": "Q2040323",
        "opening_hours": "24/7",
        "operator": "IndusInd Bank",
        "operator:wikidata": "Q2040323",
        "wheelchair": "no"
      },
      "geometry": {
        "type": "Point",
        "coordinates": [
          77.2344806,
          28.513712
        ]
      },
      "id": "node/6459315287"
    },
    {
      "type": "Feature",
      "properties": {
        "@id": "node/6459315291",
        "amenity": "atm",
        "brand": "Kotak Mahindra Bank",
        "brand:wikidata": "Q2040404",
        "opening_hours": "24/7",
        "operator": "Kotak Mahindra Bank",
        "operator:wikidata": "Q2040404",
        "wheelchair": "no"
      },
      "geometry": {
        "type": "Point",
        "coordinates": [
          77.2342597,
          28.5137441
        ]
      },
      "id": "node/6459315291"
    },
    {
      "type": "Feature",
      "properties": {
        "@id": "node/6475194126",
        "amenity": "atm",
        "opening_hours": "24/7"
      },
      "geometry": {
        "type": "Point",
        "coordinates": [
          77.2815802,
          28.5609196
        ]
      },
      "id": "node/6475194126"
    },
    {
      "type": "Feature",
      "properties": {
        "@id": "node/6475194132",
        "amenity": "bank",
        "atm": "yes",
        "branch": "Zakir Nagar",
        "brand": "State Bank of India",
        "brand:wikidata": "Q1340361",
        "name": "State Bank of India",
        "short_name": "SBI"
      },
      "geometry": {
        "type": "Point",
        "coordinates": [
          77.2668244,
          28.5702865
        ]
      },
      "id": "node/6475194132"
    },
    {
      "type": "Feature",
      "properties": {
        "@id": "node/6475977100",
        "amenity": "atm",
        "brand": "HDFC Bank",
        "brand:en": "HDFC Bank",
        "brand:wikidata": "Q631047",
        "currency:INR": "yes",
        "drive_through": "no",
        "indoor": "yes",
        "note": "Contributors are requested to not edit the \"brand\", \"brand:en\", \"brand:wikidata\", \"operator\", \"operator:en\" and \"operator:wikidata\" tags. (2025/02/19)",
        "opening_hours": "24/7",
        "operator": "HDFC Bank",
        "operator:en": "HDFC Bank",
        "operator:wikidata": "Q631047",
        "short_name": "HDFC"
      },
      "geometry": {
        "type": "Point",
        "coordinates": [
          77.3015445,
          28.5008909
        ]
      },
      "id": "node/6475977100"
    },
    {
      "type": "Feature",
      "properties": {
        "@id": "node/6490310048",
        "amenity": "atm",
        "brand": "Suryoday Bank",
        "opening_hours": "24/7"
      },
      "geometry": {
        "type": "Point",
        "coordinates": [
          77.2369691,
          28.5247002
        ]
      },
      "id": "node/6490310048"
    },
    {
      "type": "Feature",
      "properties": {
        "@id": "node/6544471386",
        "amenity": "bank",
        "atm": "yes",
        "branch": "Kalkaji",
        "brand": "Bandhan Bank",
        "brand:wikidata": "Q19882235",
        "name": "Bandhan Bank"
      },
      "geometry": {
        "type": "Point",
        "coordinates": [
          77.2579057,
          28.5367317
        ]
      },
      "id": "node/6544471386"
    },
    {
      "type": "Feature",
      "properties": {
        "@id": "node/6544471387",
        "amenity": "bank",
        "atm": "yes",
        "brand": "Canara Bank",
        "brand:en": "Canara Bank",
        "brand:hi": "\u0915\u0947\u0928\u0930\u093e \u092c\u0948\u0902\u0915",
        "brand:kn": "\u0c95\u0cc6\u0ca8\u0cb0\u0cbe \u0cac\u0ccd\u0caf\u0cbe\u0c82\u0c95\u0ccd",
        "brand:pa": "\u0a15\u0a47\u0a28\u0a30\u0a3e \u0a2c\u0a48\u0a02\u0a15",
        "brand:pnb": "\u06a9\u06cc\u0646\u0631\u0627 \u0628\u06cc\u0646\u06a9",
        "brand:ur": "\u06a9\u06cc\u0646\u0631\u0627 \u0628\u06cc\u0646\u06a9",
        "brand:wikidata": "Q2003777",
        "name": "Canara Bank",
        "name:en": "Canara Bank",
        "name:hi": "\u0915\u0947\u0928\u0930\u093e \u092c\u0948\u0902\u0915",
        "name:kn": "\u0c95\u0cc6\u0ca8\u0cb0\u0cbe \u0cac\u0ccd\u0caf\u0cbe\u0c82\u0c95\u0ccd",
        "name:pa": "\u0a15\u0a47\u0a28\u0a30\u0a3e \u0a2c\u0a48\u0a02\u0a15",
        "name:pnb": "\u06a9\u06cc\u0646\u0631\u0627 \u0628\u06cc\u0646\u06a9",
        "name:ur": "\u06a9\u06cc\u0646\u0631\u0627 \u0628\u06cc\u0646\u06a9",
        "wheelchair": "no"
      },
      "geometry": {
        "type": "Point",
        "coordinates": [
          77.257891,
          28.5364701
        ]
      },
      "id": "node/6544471387"
    },
    {
      "type": "Feature",
      "properties": {
        "@id": "node/6544471388",
        "amenity": "bank",
        "atm": "yes",
        "brand": "Lakshmi Vilas Bank"
      },
      "geometry": {
        "type": "Point",
        "coordinates": [
          77.2579665,
          28.5367757
        ]
      },
      "id": "node/6544471388"
    },
    {
      "type": "Feature",
      "properties": {
        "@id": "node/6544471389",
        "amenity": "bank",
        "atm": "yes",
        "brand": "Indian Bank",
        "brand:wikidata": "Q2003789",
        "name": "Indian Bank"
      },
      "geometry": {
        "type": "Point",
        "coordinates": [
          77.2587833,
          28.5370703
        ]
      },
      "id": "node/6544471389"
    },
    {
      "type": "Feature",
      "properties": {
        "@id": "node/6544857035",
        "amenity": "atm",
        "brand": "Andhra Bank",
        "brand:wikidata": "Q2003476",
        "opening_hours": "24/7",
        "operator": "Andhra Bank",
        "operator:wikidata": "Q2003476"
      },
      "geometry": {
        "type": "Point",
        "coordinates": [
          77.2540418,
          28.5418421
        ]
      },
      "id": "node/6544857035"
    },
    {
      "type": "Feature",
      "properties": {
        "@id": "node/6563093637",
        "amenity": "atm"
      },
      "geometry": {
        "type": "Point",
        "coordinates": [
          77.2589454,
          28.5491511
        ]
      },
      "id": "node/6563093637"
    },
    {
      "type": "Feature",
      "properties": {
        "@id": "node/6616640817",
        "amenity": "atm",
        "brand": "IDBI Bank",
        "brand:wikidata": "Q3633485",
        "operator": "IDBI Bank",
        "operator:wikidata": "Q3633485",
        "short_name": "IDBI",
        "wheelchair": "no"
      },
      "geometry": {
        "type": "Point",
        "coordinates": [
          77.2381215,
          28.5700012
        ]
      },
      "id": "node/6616640817"
    },
    {
      "type": "Feature",
      "properties": {
        "@id": "node/6620477606",
        "amenity": "bank",
        "atm": "yes",
        "brand": "Union Bank of India",
        "brand:wikidata": "Q2004078",
        "name": "Union Bank of India"
      },
      "geometry": {
        "type": "Point",
        "coordinates": [
          77.244004,
          28.5692311
        ]
      },
      "id": "node/6620477606"
    },
    {
      "type": "Feature",
      "properties": {
        "@id": "node/6620973562",
        "amenity": "bank",
        "atm": "yes",
        "brand": "Axis Bank",
        "brand:wikidata": "Q2003549",
        "name": "Axis Bank"
      },
      "geometry": {
        "type": "Point",
        "coordinates": [
          77.1986992,
          28.5383875
        ]
      },
      "id": "node/6620973562"
    },
    {
      "type": "Feature",
      "properties": {
        "@id": "node/6620973563",
        "amenity": "atm",
        "brand": "Kotak Mahindra Bank",
        "brand:wikidata": "Q2040404",
        "check_date": "2025-09-01",
        "name": "Kotak Mahindra Bank",
        "name:en": "Kotak Mahindra Bank",
        "opening_hours": "24/7",
        "operator": "Kotak Mahindra Bank",
        "operator:wikidata": "Q2040404",
        "wheelchair": "no"
      },
      "geometry": {
        "type": "Point",
        "coordinates": [
          77.198309,
          28.5375613
        ]
      },
      "id": "node/6620973563"
    },
    {
      "type": "Feature",
      "properties": {
        "@id": "node/6620973566",
        "amenity": "bank",
        "atm": "yes",
        "branch": "Adchini",
        "brand": "Allahabad Bank",
        "brand:wikidata": "Q2018840",
        "name": "Allahabad Bank"
      },
      "geometry": {
        "type": "Point",
        "coordinates": [
          77.1980572,
          28.5369888
        ]
      },
      "id": "node/6620973566"
    },
    {
      "type": "Feature",
      "properties": {
        "@id": "node/6637766965",
        "amenity": "atm",
        "brand": "Axis Bank",
        "brand:wikidata": "Q2003549",
        "opening_hours": "24/7",
        "operator": "Axis Bank",
        "operator:wikidata": "Q2003549",
        "wheelchair": "no"
      },
      "geometry": {
        "type": "Point",
        "coordinates": [
          77.203501,
          28.5179974
        ]
      },
      "id": "node/6637766965"
    },
    {
      "type": "Feature",
      "properties": {
        "@id": "node/6657822764",
        "amenity": "atm",
        "brand": "Union Bank",
        "level": "0",
        "operator": "Union Bank"
      },
      "geometry": {
        "type": "Point",
        "coordinates": [
          77.1887974,
          28.5668712
        ]
      },
      "id": "node/6657822764"
    },
    {
      "type": "Feature",
      "properties": {
        "@id": "node/6657822765",
        "amenity": "bank",
        "atm": "yes",
        "brand": "Vijaya Bank",
        "name": "Vijaya Bank"
      },
      "geometry": {
        "type": "Point",
        "coordinates": [
          77.1882654,
          28.5674172
        ]
      },
      "id": "node/6657822765"
    },
    {
      "type": "Feature",
      "properties": {
        "@id": "node/6670605053",
        "amenity": "atm",
        "brand": "Axis Bank",
        "brand:wikidata": "Q2003549",
        "level": "0",
        "opening_hours": "24/7",
        "operator": "Axis Bank",
        "operator:wikidata": "Q2003549",
        "wheelchair": "no"
      },
      "geometry": {
        "type": "Point",
        "coordinates": [
          77.2017278,
          28.5098476
        ]
      },
      "id": "node/6670605053"
    },
    {
      "type": "Feature",
      "properties": {
        "@id": "node/6681091971",
        "amenity": "atm",
        "brand": "Canara Bank",
        "opening_hours": "24/7"
      },
      "geometry": {
        "type": "Point",
        "coordinates": [
          77.1649101,
          28.5143994
        ]
      },
      "id": "node/6681091971"
    },
    {
      "type": "Feature",
      "properties": {
        "@id": "node/6750512439",
        "amenity": "bank",
        "atm": "yes",
        "branch": "Bipin Pal Marg",
        "brand": "Punjab National Bank",
        "brand:wikidata": "Q2743499",
        "level": "-1",
        "name": "Punjab National Bank"
      },
      "geometry": {
        "type": "Point",
        "coordinates": [
          77.2427585,
          28.5406439
        ]
      },
      "id": "node/6750512439"
    },
    {
      "type": "Feature",
      "properties": {
        "@id": "node/6750512453",
        "amenity": "atm",
        "brand": "IndusInd Bank",
        "brand:wikidata": "Q2040323",
        "name": "IndusInd Bank",
        "opening_hours": "24/7",
        "operator": "IndusInd Bank",
        "operator:wikidata": "Q2040323",
        "wheelchair": "no"
      },
      "geometry": {
        "type": "Point",
        "coordinates": [
          77.2400893,
          28.5416996
        ]
      },
      "id": "node/6750512453"
    },
    {
      "type": "Feature",
      "properties": {
        "@id": "node/6755585645",
        "amenity": "atm",
        "brand": "State Bank of India",
        "brand:en": "State Bank of India",
        "brand:wikidata": "Q1340361",
        "currency:INR": "yes",
        "drive_through": "no",
        "indoor": "yes",
        "level": "0",
        "name": "State Bank of India",
        "note": "Contributors are requested to not edit the \"brand\", \"brand:en\", \"brand:wikidata\", \"operator\", \"operator:en\" and \"operator:wikidata\" tags. (2025/02/19)",
        "opening_hours": "24/7",
        "operator": "State Bank of India",
        "operator:en": "State Bank of India",
        "operator:wikidata": "Q1340361",
        "short_name": "SBI"
      },
      "geometry": {
        "type": "Point",
        "coordinates": [
          77.1634244,
          28.570786
        ]
      },
      "id": "node/6755585645"
    },
    {
      "type": "Feature",
      "properties": {
        "@id": "node/6766175608",
        "amenity": "bank",
        "atm": "yes",
        "brand": "Yes Bank",
        "brand:wikidata": "Q2040394",
        "name": "Yes Bank",
        "wheelchair": "no"
      },
      "geometry": {
        "type": "Point",
        "coordinates": [
          77.2270818,
          28.5705502
        ]
      },
      "id": "node/6766175608"
    },
    {
      "type": "Feature",
      "properties": {
        "@id": "node/6769351755",
        "amenity": "atm",
        "brand": "State Bank of India",
        "brand:en": "State Bank of India",
        "brand:wikidata": "Q1340361",
        "currency:INR": "yes",
        "drive_through": "no",
        "indoor": "yes",
        "note": "Contributors are requested to not edit the \"brand\", \"brand:en\", \"brand:wikidata\", \"operator\", \"operator:en\" and \"operator:wikidata\" tags. (2025/02/19)",
        "opening_hours": "24/7",
        "operator": "State Bank of India",
        "operator:en": "State Bank of India",
        "operator:wikidata": "Q1340361",
        "short_name": "SBI"
      },
      "geometry": {
        "type": "Point",
        "coordinates": [
          77.2616355,
          28.5376038
        ]
      },
      "id": "node/6769351755"
    },
    {
      "type": "Feature",
      "properties": {
        "@id": "node/6769351758",
        "amenity": "atm",
        "brand": "Punjab National Bank",
        "brand:wikidata": "Q2743499",
        "level": "0",
        "opening_hours": "24/7",
        "operator": "Punjab National Bank",
        "operator:wikidata": "Q2743499"
      },
      "geometry": {
        "type": "Point",
        "coordinates": [
          77.2647345,
          28.5440774
        ]
      },
      "id": "node/6769351758"
    },
    {
      "type": "Feature",
      "properties": {
        "@id": "node/6769351759",
        "amenity": "atm",
        "brand": "ICICI Bank",
        "brand:en": "ICICI Bank",
        "brand:wikidata": "Q1653258",
        "currency:INR": "yes",
        "drive_through": "no",
        "indoor": "yes",
        "note": "Contributors are requested to not edit the \"brand\", \"brand:en\", \"brand:wikidata\", \"operator\", \"operator:en\" and \"operator:wikidata\" tags. (2025/02/19)",
        "opening_hours": "24/7",
        "operator": "ICICI Bank",
        "operator:en": "ICICI Bank",
        "operator:wikidata": "Q1653258",
        "short_name": "ICICI"
      },
      "geometry": {
        "type": "Point",
        "coordinates": [
          77.255345,
          28.5285505
        ]
      },
      "id": "node/6769351759"
    },
    {
      "type": "Feature",
      "properties": {
        "@id": "node/6769351778",
        "amenity": "bank",
        "atm": "yes",
        "branch": "Okhla Industrial Estate",
        "brand": "Central Bank of India",
        "brand:wikidata": "Q2007090",
        "name": "Central Bank of India"
      },
      "geometry": {
        "type": "Point",
        "coordinates": [
          77.2639608,
          28.5575959
        ]
      },
      "id": "node/6769351778"
    },
    {
      "type": "Feature",
      "properties": {
        "@id": "node/6771396256",
        "amenity": "atm",
        "brand": "ICICI Bank",
        "brand:en": "ICICI Bank",
        "brand:wikidata": "Q1653258",
        "currency:INR": "yes",
        "drive_through": "no",
        "indoor": "yes",
        "name": "ICICI Bank",
        "note": "Contributors are requested to not edit the \"brand\", \"brand:en\", \"brand:wikidata\", \"operator\", \"operator:en\" and \"operator:wikidata\" tags. (2025/02/19)",
        "opening_hours": "24/7",
        "operator": "ICICI Bank",
        "operator:en": "ICICI Bank",
        "operator:wikidata": "Q1653258",
        "short_name": "ICICI"
      },
      "geometry": {
        "type": "Point",
        "coordinates": [
          77.1964155,
          28.5657051
        ]
      },
      "id": "node/6771396256"
    },
    {
      "type": "Feature",
      "properties": {
        "@id": "node/6777250822",
        "amenity": "bank",
        "atm": "yes",
        "branch": "Lajpat Nagar",
        "brand": "Equitas Small Finance Bank",
        "brand:wikidata": "Q29467249",
        "check_date": "2024-09-29",
        "level": "0",
        "name": "Equitas Small Finance Bank",
        "wheelchair": "no"
      },
      "geometry": {
        "type": "Point",
        "coordinates": [
          77.247529,
          28.568353
        ]
      },
      "id": "node/6777250822"
    },
    {
      "type": "Feature",
      "properties": {
        "@id": "node/6779401583",
        "amenity": "bank",
        "atm": "yes",
        "brand": "Kotak Mahindra Bank",
        "brand:wikidata": "Q2040404",
        "name": "Kotak Mahindra Bank"
      },
      "geometry": {
        "type": "Point",
        "coordinates": [
          77.2105822,
          28.536633
        ]
      },
      "id": "node/6779401583"
    },
    {
      "type": "Feature",
      "properties": {
        "@id": "node/6779419585",
        "amenity": "bank",
        "atm": "yes",
        "brand": "HDFC Bank",
        "brand:wikidata": "Q631047",
        "check_date": "2023-05-02",
        "name": "HDFC Bank",
        "short_name": "HDFC",
        "wheelchair": "no"
      },
      "geometry": {
        "type": "Point",
        "coordinates": [
          77.2108875,
          28.5366127
        ]
      },
      "id": "node/6779419585"
    },
    {
      "type": "Feature",
      "properties": {
        "@id": "node/6779419600",
        "amenity": "bank",
        "atm": "yes",
        "branch": "Malviya Nagar",
        "brand": "State Bank of India",
        "brand:wikidata": "Q1340361",
        "check_date": "2023-05-02",
        "name": "State Bank of India",
        "short_name": "SBI"
      },
      "geometry": {
        "type": "Point",
        "coordinates": [
          77.2107019,
          28.5367783
        ]
      },
      "id": "node/6779419600"
    },
    {
      "type": "Feature",
      "properties": {
        "@id": "node/6779419618",
        "amenity": "atm",
        "brand": "Yes Bank",
        "brand:wikidata": "Q2040394",
        "opening_hours": "24/7",
        "operator": "Yes Bank",
        "operator:wikidata": "Q2040394",
        "wheelchair": "no"
      },
      "geometry": {
        "type": "Point",
        "coordinates": [
          77.2167038,
          28.5385219
        ]
      },
      "id": "node/6779419618"
    },
    {
      "type": "Feature",
      "properties": {
        "@id": "node/6779419626",
        "amenity": "bank",
        "atm": "yes",
        "branch": "Malviya Nagar",
        "brand": "Bank of India",
        "brand:wikidata": "Q2004439",
        "check_date": "2023-05-03",
        "name": "Bank of India",
        "wheelchair": "no"
      },
      "geometry": {
        "type": "Point",
        "coordinates": [
          77.2135082,
          28.5342319
        ]
      },
      "id": "node/6779419626"
    },
    {
      "type": "Feature",
      "properties": {
        "@id": "node/6817346146",
        "amenity": "atm",
        "brand": "HDFC Bank",
        "brand:en": "HDFC Bank",
        "brand:wikidata": "Q631047",
        "check_date": "2023-05-28",
        "currency:INR": "yes",
        "drive_through": "no",
        "indoor": "yes",
        "level": "0",
        "note": "Contributors are requested to not edit the \"brand\", \"brand:en\", \"brand:wikidata\", \"operator\", \"operator:en\" and \"operator:wikidata\" tags. (2025/02/19)",
        "opening_hours": "24/7",
        "operator": "HDFC Bank",
        "operator:en": "HDFC Bank",
        "operator:wikidata": "Q631047",
        "short_name": "HDFC",
        "wheelchair": "no"
      },
      "geometry": {
        "type": "Point",
        "coordinates": [
          77.2506119,
          28.5494945
        ]
      },
      "id": "node/6817346146"
    },
    {
      "type": "Feature",
      "properties": {
        "@id": "node/6817346165",
        "amenity": "bank",
        "atm": "yes",
        "branch": "Nehru Place",
        "brand": "HDFC Bank",
        "brand:wikidata": "Q631047",
        "level": "0",
        "name": "HDFC Bank",
        "opening_hours": "Mo-Sa 09:30-15:30, Sa[2,4] off",
        "short_name": "HDFC",
        "wheelchair": "no"
      },
      "geometry": {
        "type": "Point",
        "coordinates": [
          77.2505878,
          28.5494823
        ]
      },
      "id": "node/6817346165"
    },
    {
      "type": "Feature",
      "properties": {
        "@id": "node/6834036189",
        "amenity": "atm",
        "brand": "Axis Bank",
        "brand:wikidata": "Q2003549",
        "operator": "Axis Bank",
        "operator:wikidata": "Q2003549"
      },
      "geometry": {
        "type": "Point",
        "coordinates": [
          77.1822063,
          28.5225013
        ]
      },
      "id": "node/6834036189"
    },
    {
      "type": "Feature",
      "properties": {
        "@id": "node/6834036212",
        "air_conditioning": "yes",
        "amenity": "bank",
        "atm": "yes",
        "branch": "Mehrauli",
        "brand": "Canara Bank",
        "brand:en": "Canara Bank",
        "brand:hi": "\u0915\u0947\u0928\u0930\u093e \u092c\u0948\u0902\u0915",
        "brand:kn": "\u0c95\u0cc6\u0ca8\u0cb0\u0cbe \u0cac\u0ccd\u0caf\u0cbe\u0c82\u0c95\u0ccd",
        "brand:pa": "\u0a15\u0a47\u0a28\u0a30\u0a3e \u0a2c\u0a48\u0a02\u0a15",
        "brand:pnb": "\u06a9\u06cc\u0646\u0631\u0627 \u0628\u06cc\u0646\u06a9",
        "brand:ur": "\u06a9\u06cc\u0646\u0631\u0627 \u0628\u06cc\u0646\u06a9",
        "brand:wikidata": "Q2003777",
        "check_date": "2024-05-26",
        "currency:INR": "yes",
        "drive_through": "no",
        "name": "Canara Bank",
        "name:en": "Canara Bank",
        "name:hi": "\u0915\u0947\u0928\u0930\u093e \u092c\u0948\u0902\u0915",
        "name:kn": "\u0c95\u0cc6\u0ca8\u0cb0\u0cbe \u0cac\u0ccd\u0caf\u0cbe\u0c82\u0c95\u0ccd",
        "name:pa": "\u0a15\u0a47\u0a28\u0a30\u0a3e \u0a2c\u0a48\u0a02\u0a15",
        "name:pnb": "\u06a9\u06cc\u0646\u0631\u0627 \u0628\u06cc\u0646\u06a9",
        "name:ur": "\u06a9\u06cc\u0646\u0631\u0627 \u0628\u06cc\u0646\u06a9",
        "wheelchair": "no"
      },
      "geometry": {
        "type": "Point",
        "coordinates": [
          77.1788582,
          28.5230268
        ]
      },
      "id": "node/6834036212"
    },
    {
      "type": "Feature",
      "properties": {
        "@id": "node/6834036221",
        "amenity": "atm",
        "brand": "Canara Bank",
        "brand:en": "Canara Bank",
        "brand:hi": "\u0915\u0947\u0928\u0930\u093e \u092c\u0948\u0902\u0915",
        "brand:kn": "\u0c95\u0cc6\u0ca8\u0cb0\u0cbe \u0cac\u0ccd\u0caf\u0cbe\u0c82\u0c95\u0ccd",
        "brand:pa": "\u0a15\u0a47\u0a28\u0a30\u0a3e \u0a2c\u0a48\u0a02\u0a15",
        "brand:pnb": "\u06a9\u06cc\u0646\u0631\u0627 \u0628\u06cc\u0646\u06a9",
        "brand:ur": "\u06a9\u06cc\u0646\u0631\u0627 \u0628\u06cc\u0646\u06a9",
        "brand:wikidata": "Q2003777",
        "check_date": "2024-05-26",
        "covered": "yes",
        "currency:INR": "yes",
        "drive_through": "no",
        "indoor": "yes",
        "lit": "yes",
        "name:en": "Canara Bank",
        "name:hi": "\u0915\u0947\u0928\u0930\u093e \u092c\u0948\u0902\u0915",
        "name:kn": "\u0c95\u0cc6\u0ca8\u0cb0\u0cbe \u0cac\u0ccd\u0caf\u0cbe\u0c82\u0c95\u0ccd",
        "name:pa": "\u0a15\u0a47\u0a28\u0a30\u0a3e \u0a2c\u0a48\u0a02\u0a15",
        "name:pnb": "\u06a9\u06cc\u0646\u0631\u0627 \u0628\u06cc\u0646\u06a9",
        "name:ur": "\u06a9\u06cc\u0646\u0631\u0627 \u0628\u06cc\u0646\u06a9",
        "opening_hours": "24/7",
        "operator": "Canara Bank",
        "operator:wikidata": "Q2003777",
        "wheelchair": "no"
      },
      "geometry": {
        "type": "Point",
        "coordinates": [
          77.1788526,
          28.5229963
        ]
      },
      "id": "node/6834036221"
    },
    {
      "type": "Feature",
      "properties": {
        "@id": "node/6853682646",
        "amenity": "atm",
        "brand": "Axis Bank",
        "brand:wikidata": "Q2003549",
        "check_date": "2023-03-29",
        "opening_hours": "24/7",
        "operator": "Axis Bank",
        "operator:wikidata": "Q2003549"
      },
      "geometry": {
        "type": "Point",
        "coordinates": [
          77.1639121,
          28.558607
        ]
      },
      "id": "node/6853682646"
    },
    {
      "type": "Feature",
      "properties": {
        "@id": "node/6853682660",
        "amenity": "bank",
        "atm": "yes",
        "branch": "Basant Lok",
        "brand": "Bank of Baroda",
        "brand:wikidata": "Q2003797",
        "name": "Bank of Baroda",
        "wheelchair": "no"
      },
      "geometry": {
        "type": "Point",
        "coordinates": [
          77.1642239,
          28.5581107
        ]
      },
      "id": "node/6853682660"
    },
    {
      "type": "Feature",
      "properties": {
        "@id": "node/6853682667",
        "amenity": "atm",
        "brand": "ICICI Bank",
        "brand:en": "ICICI Bank",
        "brand:wikidata": "Q1653258",
        "currency:INR": "yes",
        "drive_through": "no",
        "indoor": "yes",
        "note": "Contributors are requested to not edit the \"brand\", \"brand:en\", \"brand:wikidata\", \"operator\", \"operator:en\" and \"operator:wikidata\" tags. (2025/02/19)",
        "opening_hours": "24/7",
        "operator": "ICICI Bank",
        "operator:en": "ICICI Bank",
        "operator:wikidata": "Q1653258",
        "short_name": "ICICI"
      },
      "geometry": {
        "type": "Point",
        "coordinates": [
          77.1637969,
          28.5572027
        ]
      },
      "id": "node/6853682667"
    },
    {
      "type": "Feature",
      "properties": {
        "@id": "node/6853682677",
        "amenity": "atm",
        "brand": "Corporation Bank",
        "brand:wikidata": "Q2003387",
        "level": "0",
        "opening_hours": "24/7",
        "operator": "Corporation Bank",
        "operator:wikidata": "Q2003387"
      },
      "geometry": {
        "type": "Point",
        "coordinates": [
          77.1639409,
          28.5571987
        ]
      },
      "id": "node/6853682677"
    },
    {
      "type": "Feature",
      "properties": {
        "@id": "node/6853682683",
        "amenity": "bank",
        "atm": "yes",
        "branch": "Vasant Vihar",
        "brand": "Corporation Bank",
        "brand:wikidata": "Q2003387",
        "name": "Corporation Bank",
        "wheelchair": "no"
      },
      "geometry": {
        "type": "Point",
        "coordinates": [
          77.1638207,
          28.5571532
        ]
      },
      "id": "node/6853682683"
    },
    {
      "type": "Feature",
      "properties": {
        "@id": "node/6853697485",
        "amenity": "bank",
        "atm": "yes",
        "branch": "Vasant Vihar",
        "brand": "RBL Bank",
        "brand:wikidata": "Q13120398",
        "name": "RBL Bank"
      },
      "geometry": {
        "type": "Point",
        "coordinates": [
          77.1638296,
          28.5590843
        ]
      },
      "id": "node/6853697485"
    },
    {
      "type": "Feature",
      "properties": {
        "@id": "node/6853697490",
        "amenity": "bank",
        "atm": "yes",
        "branch": "Vasant Vihar",
        "brand": "Canara Bank",
        "brand:en": "Canara Bank",
        "brand:hi": "\u0915\u0947\u0928\u0930\u093e \u092c\u0948\u0902\u0915",
        "brand:kn": "\u0c95\u0cc6\u0ca8\u0cb0\u0cbe \u0cac\u0ccd\u0caf\u0cbe\u0c82\u0c95\u0ccd",
        "brand:pa": "\u0a15\u0a47\u0a28\u0a30\u0a3e \u0a2c\u0a48\u0a02\u0a15",
        "brand:pnb": "\u06a9\u06cc\u0646\u0631\u0627 \u0628\u06cc\u0646\u06a9",
        "brand:ur": "\u06a9\u06cc\u0646\u0631\u0627 \u0628\u06cc\u0646\u06a9",
        "brand:wikidata": "Q2003777",
        "name": "Canara Bank",
        "name:en": "Canara Bank",
        "name:hi": "\u0915\u0947\u0928\u0930\u093e \u092c\u0948\u0902\u0915",
        "name:kn": "\u0c95\u0cc6\u0ca8\u0cb0\u0cbe \u0cac\u0ccd\u0caf\u0cbe\u0c82\u0c95\u0ccd",
        "name:pa": "\u0a15\u0a47\u0a28\u0a30\u0a3e \u0a2c\u0a48\u0a02\u0a15",
        "name:pnb": "\u06a9\u06cc\u0646\u0631\u0627 \u0628\u06cc\u0646\u06a9",
        "name:ur": "\u06a9\u06cc\u0646\u0631\u0627 \u0628\u06cc\u0646\u06a9"
      },
      "geometry": {
        "type": "Point",
        "coordinates": [
          77.1639353,
          28.5583642
        ]
      },
      "id": "node/6853697490"
    },
    {
      "type": "Feature",
      "properties": {
        "@id": "node/6853697495",
        "amenity": "bank",
        "atm": "yes",
        "branch": "Basant Lok",
        "brand": "State Bank of India",
        "brand:wikidata": "Q1340361",
        "name": "State Bank of India",
        "short_name": "SBI"
      },
      "geometry": {
        "type": "Point",
        "coordinates": [
          77.1640171,
          28.5581734
        ]
      },
      "id": "node/6853697495"
    },
    {
      "type": "Feature",
      "properties": {
        "@id": "node/6866376668",
        "amenity": "bank",
        "atm": "yes",
        "brand": "Bank of Baroda",
        "brand:wikidata": "Q2003797",
        "name": "Bank of Baroda",
        "was:brand": "Vijaya Bank"
      },
      "geometry": {
        "type": "Point",
        "coordinates": [
          77.2690872,
          28.5371597
        ]
      },
      "id": "node/6866376668"
    },
    {
      "type": "Feature",
      "properties": {
        "@id": "node/6881897396",
        "amenity": "atm",
        "branch": "Nehru Place",
        "brand": "IDFC First Bank",
        "brand:wikidata": "Q22031467",
        "level": "0",
        "opening_hours": "24/7",
        "operator": "IDFC First Bank",
        "operator:wikidata": "Q22031467",
        "wheelchair": "no"
      },
      "geometry": {
        "type": "Point",
        "coordinates": [
          77.254282,
          28.5479695
        ]
      },
      "id": "node/6881897396"
    },
    {
      "type": "Feature",
      "properties": {
        "@id": "node/6881897407",
        "amenity": "bank",
        "atm": "yes",
        "branch": "Nehru Place",
        "brand": "Oriental Bank of Commerce",
        "level": "0"
      },
      "geometry": {
        "type": "Point",
        "coordinates": [
          77.2539139,
          28.5478478
        ]
      },
      "id": "node/6881897407"
    },
    {
      "type": "Feature",
      "properties": {
        "@id": "node/6881897423",
        "amenity": "bank",
        "atm": "yes",
        "branch": "Nehru Place",
        "brand": "Federal Bank",
        "brand:wikidata": "Q2044983",
        "name": "Federal Bank"
      },
      "geometry": {
        "type": "Point",
        "coordinates": [
          77.2541397,
          28.5479254
        ]
      },
      "id": "node/6881897423"
    },
    {
      "type": "Feature",
      "properties": {
        "@id": "node/6893456501",
        "amenity": "bank",
        "atm": "yes",
        "brand": "Kotak Mahindra Bank",
        "brand:wikidata": "Q2040404",
        "name": "Kotak Mahindra Bank"
      },
      "geometry": {
        "type": "Point",
        "coordinates": [
          77.2079849,
          28.5578263
        ]
      },
      "id": "node/6893456501"
    },
    {
      "type": "Feature",
      "properties": {
        "@id": "node/6893456504",
        "amenity": "atm",
        "brand": "IndusInd Bank",
        "brand:wikidata": "Q2040323",
        "opening_hours": "24/7",
        "operator": "IndusInd Bank",
        "operator:wikidata": "Q2040323"
      },
      "geometry": {
        "type": "Point",
        "coordinates": [
          77.2138565,
          28.5600089
        ]
      },
      "id": "node/6893456504"
    },
    {
      "type": "Feature",
      "properties": {
        "@id": "node/6893456508",
        "amenity": "bank",
        "atm": "yes",
        "branch": "Green Park Extension",
        "brand": "Canara Bank",
        "brand:en": "Canara Bank",
        "brand:hi": "\u0915\u0947\u0928\u0930\u093e \u092c\u0948\u0902\u0915",
        "brand:kn": "\u0c95\u0cc6\u0ca8\u0cb0\u0cbe \u0cac\u0ccd\u0caf\u0cbe\u0c82\u0c95\u0ccd",
        "brand:pa": "\u0a15\u0a47\u0a28\u0a30\u0a3e \u0a2c\u0a48\u0a02\u0a15",
        "brand:pnb": "\u06a9\u06cc\u0646\u0631\u0627 \u0628\u06cc\u0646\u06a9",
        "brand:ur": "\u06a9\u06cc\u0646\u0631\u0627 \u0628\u06cc\u0646\u06a9",
        "brand:wikidata": "Q2003777",
        "level": "1",
        "name": "Canara Bank",
        "name:en": "Canara Bank",
        "name:hi": "\u0915\u0947\u0928\u0930\u093e \u092c\u0948\u0902\u0915",
        "name:kn": "\u0c95\u0cc6\u0ca8\u0cb0\u0cbe \u0cac\u0ccd\u0caf\u0cbe\u0c82\u0c95\u0ccd",
        "name:pa": "\u0a15\u0a47\u0a28\u0a30\u0a3e \u0a2c\u0a48\u0a02\u0a15",
        "name:pnb": "\u06a9\u06cc\u0646\u0631\u0627 \u0628\u06cc\u0646\u06a9",
        "name:ur": "\u06a9\u06cc\u0646\u0631\u0627 \u0628\u06cc\u0646\u06a9",
        "wheelchair": "no"
      },
      "geometry": {
        "type": "Point",
        "coordinates": [
          77.2087851,
          28.5576972
        ]
      },
      "id": "node/6893456508"
    },
    {
      "type": "Feature",
      "properties": {
        "@id": "node/6893456509",
        "amenity": "bank",
        "atm": "yes",
        "branch": "Gulmohar Enclave, Green Park",
        "brand": "Punjab National Bank",
        "brand:wikidata": "Q2743499",
        "name": "Punjab National Bank"
      },
      "geometry": {
        "type": "Point",
        "coordinates": [
          77.2086898,
          28.5577126
        ]
      },
      "id": "node/6893456509"
    },
    {
      "type": "Feature",
      "properties": {
        "@id": "node/6893456512",
        "amenity": "bank",
        "atm": "yes",
        "branch": "Hauz Khas",
        "brand": "Axis Bank",
        "brand:wikidata": "Q2003549",
        "name": "Axis Bank"
      },
      "geometry": {
        "type": "Point",
        "coordinates": [
          77.2077905,
          28.5578612
        ]
      },
      "id": "node/6893456512"
    },
    {
      "type": "Feature",
      "properties": {
        "@id": "node/6900471304",
        "amenity": "bank",
        "atm": "yes",
        "branch": "Chittaranjan Park",
        "brand": "Canara Bank",
        "brand:en": "Canara Bank",
        "brand:hi": "\u0915\u0947\u0928\u0930\u093e \u092c\u0948\u0902\u0915",
        "brand:kn": "\u0c95\u0cc6\u0ca8\u0cb0\u0cbe \u0cac\u0ccd\u0caf\u0cbe\u0c82\u0c95\u0ccd",
        "brand:pa": "\u0a15\u0a47\u0a28\u0a30\u0a3e \u0a2c\u0a48\u0a02\u0a15",
        "brand:pnb": "\u06a9\u06cc\u0646\u0631\u0627 \u0628\u06cc\u0646\u06a9",
        "brand:ur": "\u06a9\u06cc\u0646\u0631\u0627 \u0628\u06cc\u0646\u06a9",
        "brand:wikidata": "Q2003777",
        "name": "Canara Bank",
        "name:en": "Canara Bank",
        "name:hi": "\u0915\u0947\u0928\u0930\u093e \u092c\u0948\u0902\u0915",
        "name:kn": "\u0c95\u0cc6\u0ca8\u0cb0\u0cbe \u0cac\u0ccd\u0caf\u0cbe\u0c82\u0c95\u0ccd",
        "name:pa": "\u0a15\u0a47\u0a28\u0a30\u0a3e \u0a2c\u0a48\u0a02\u0a15",
        "name:pnb": "\u06a9\u06cc\u0646\u0631\u0627 \u0628\u06cc\u0646\u06a9",
        "name:ur": "\u06a9\u06cc\u0646\u0631\u0627 \u0628\u06cc\u0646\u06a9"
      },
      "geometry": {
        "type": "Point",
        "coordinates": [
          77.2492853,
          28.5394457
        ]
      },
      "id": "node/6900471304"
    },
    {
      "type": "Feature",
      "properties": {
        "@id": "node/6901793094",
        "amenity": "atm",
        "brand": "Punjab National Bank",
        "brand:wikidata": "Q2743499",
        "operator": "Punjab National Bank",
        "operator:wikidata": "Q2743499"
      },
      "geometry": {
        "type": "Point",
        "coordinates": [
          77.2587656,
          28.52616
        ]
      },
      "id": "node/6901793094"
    },
    {
      "type": "Feature",
      "properties": {
        "@id": "node/6918479550",
        "amenity": "atm",
        "brand": "Bank of India",
        "brand:wikidata": "Q2004439",
        "level": "0",
        "operator": "Bank of India",
        "operator:wikidata": "Q2004439",
        "wheelchair": "designated"
      },
      "geometry": {
        "type": "Point",
        "coordinates": [
          77.2217923,
          28.5800535
        ]
      },
      "id": "node/6918479550"
    },
    {
      "type": "Feature",
      "properties": {
        "@id": "node/6937761930",
        "amenity": "bank",
        "atm": "yes",
        "branch": "CR Park",
        "brand": "State Bank of India",
        "brand:wikidata": "Q1340361",
        "name": "State Bank of India",
        "short_name": "SBI"
      },
      "geometry": {
        "type": "Point",
        "coordinates": [
          77.2442998,
          28.540524
        ]
      },
      "id": "node/6937761930"
    },
    {
      "type": "Feature",
      "properties": {
        "@id": "node/6966575644",
        "amenity": "bank",
        "atm": "yes",
        "branch": "Chittaranjan Park",
        "brand": "Oriental Bank of Commerce"
      },
      "geometry": {
        "type": "Point",
        "coordinates": [
          77.2482783,
          28.5416245
        ]
      },
      "id": "node/6966575644"
    },
    {
      "type": "Feature",
      "properties": {
        "@id": "node/7021408976",
        "amenity": "bank",
        "atm": "yes",
        "branch": "Nehru Place",
        "brand": "Indian Bank",
        "brand:wikidata": "Q2003789",
        "level": "0",
        "name": "Indian Bank"
      },
      "geometry": {
        "type": "Point",
        "coordinates": [
          77.2511816,
          28.5481604
        ]
      },
      "id": "node/7021408976"
    },
    {
      "type": "Feature",
      "properties": {
        "@id": "node/7035457531",
        "amenity": "bank",
        "atm": "yes",
        "branch": "Okhla",
        "brand": "J&K Bank"
      },
      "geometry": {
        "type": "Point",
        "coordinates": [
          77.2693194,
          28.5333325
        ]
      },
      "id": "node/7035457531"
    },
    {
      "type": "Feature",
      "properties": {
        "@id": "node/7035457532",
        "amenity": "bank",
        "atm": "yes",
        "branch": "Okhla Phase 2",
        "brand": "ICICI Bank",
        "brand:wikidata": "Q1653258",
        "name": "ICICI Bank",
        "short_name": "ICICI"
      },
      "geometry": {
        "type": "Point",
        "coordinates": [
          77.2693068,
          28.5335354
        ]
      },
      "id": "node/7035457532"
    },
    {
      "type": "Feature",
      "properties": {
        "@id": "node/7035457535",
        "amenity": "bank",
        "atm": "yes",
        "brand": "IndusInd Bank",
        "brand:wikidata": "Q2040323",
        "name": "IndusInd Bank"
      },
      "geometry": {
        "type": "Point",
        "coordinates": [
          77.2692579,
          28.5336926
        ]
      },
      "id": "node/7035457535"
    },
    {
      "type": "Feature",
      "properties": {
        "@id": "node/7035457538",
        "amenity": "bank",
        "atm": "yes",
        "brand": "Yes Bank",
        "brand:wikidata": "Q2040394",
        "name": "Yes Bank"
      },
      "geometry": {
        "type": "Point",
        "coordinates": [
          77.269218,
          28.5337422
        ]
      },
      "id": "node/7035457538"
    },
    {
      "type": "Feature",
      "properties": {
        "@id": "node/7040580431",
        "amenity": "atm",
        "brand": "State Bank of India",
        "brand:en": "State Bank of India",
        "brand:wikidata": "Q1340361",
        "currency:INR": "yes",
        "drive_through": "no",
        "indoor": "yes",
        "note": "Contributors are requested to not edit the \"brand\", \"brand:en\", \"brand:wikidata\", \"operator\", \"operator:en\" and \"operator:wikidata\" tags. (2025/02/19)",
        "opening_hours": "24/7",
        "operator": "State Bank of India",
        "operator:en": "State Bank of India",
        "operator:wikidata": "Q1340361",
        "short_name": "SBI"
      },
      "geometry": {
        "type": "Point",
        "coordinates": [
          77.2531107,
          28.536636
        ]
      },
      "id": "node/7040580431"
    },
    {
      "type": "Feature",
      "properties": {
        "@id": "node/7040580433",
        "amenity": "bank",
        "atm": "yes",
        "brand": "Oriental Bank of Commerce"
      },
      "geometry": {
        "type": "Point",
        "coordinates": [
          77.2486219,
          28.5413983
        ]
      },
      "id": "node/7040580433"
    },
    {
      "type": "Feature",
      "properties": {
        "@id": "node/7040580434",
        "amenity": "atm",
        "brand": "Kotak Mahindra Bank",
        "brand:wikidata": "Q2040404",
        "operator": "Kotak Mahindra Bank",
        "operator:wikidata": "Q2040404"
      },
      "geometry": {
        "type": "Point",
        "coordinates": [
          77.25317,
          28.5364176
        ]
      },
      "id": "node/7040580434"
    },
    {
      "type": "Feature",
      "properties": {
        "@id": "node/7040580436",
        "amenity": "atm",
        "brand": "Citibank",
        "brand:wikidata": "Q857063",
        "operator": "Citibank",
        "operator:wikidata": "Q857063",
        "short_name": "Citi"
      },
      "geometry": {
        "type": "Point",
        "coordinates": [
          77.2531325,
          28.5365435
        ]
      },
      "id": "node/7040580436"
    },
    {
      "type": "Feature",
      "properties": {
        "@id": "node/7065868298",
        "amenity": "atm",
        "brand": "ICICI Bank"
      },
      "geometry": {
        "type": "Point",
        "coordinates": [
          77.1650138,
          28.5142595
        ]
      },
      "id": "node/7065868298"
    },
    {
      "type": "Feature",
      "properties": {
        "@id": "node/7108600546",
        "amenity": "atm",
        "brand": "Axis Bank",
        "wheelchair": "no"
      },
      "geometry": {
        "type": "Point",
        "coordinates": [
          77.1967645,
          28.5004672
        ]
      },
      "id": "node/7108600546"
    },
    {
      "type": "Feature",
      "properties": {
        "@id": "node/7130773810",
        "amenity": "atm",
        "brand": "State Bank of India",
        "brand:en": "State Bank of India",
        "brand:wikidata": "Q1340361",
        "check_date": "2022-12-18",
        "currency:INR": "yes",
        "drive_through": "no",
        "indoor": "yes",
        "level": "0",
        "note": "Contributors are requested to not edit the \"brand\", \"brand:en\", \"brand:wikidata\", \"operator\", \"operator:en\" and \"operator:wikidata\" tags. (2025/02/19)",
        "opening_hours": "24/7",
        "operator": "State Bank of India",
        "operator:en": "State Bank of India",
        "operator:wikidata": "Q1340361",
        "short_name": "SBI",
        "wheelchair": "no"
      },
      "geometry": {
        "type": "Point",
        "coordinates": [
          77.2533151,
          28.5886236
        ]
      },
      "id": "node/7130773810"
    },
    {
      "type": "Feature",
      "properties": {
        "@id": "node/7130773811",
        "amenity": "atm",
        "brand": "Bank of Maharashtra",
        "level": "0",
        "wheelchair": "no"
      },
      "geometry": {
        "type": "Point",
        "coordinates": [
          77.2532496,
          28.5886171
        ]
      },
      "id": "node/7130773811"
    },
    {
      "type": "Feature",
      "properties": {
        "@id": "node/7131446809",
        "amenity": "atm",
        "brand": "State Bank of India",
        "level": "0"
      },
      "geometry": {
        "type": "Point",
        "coordinates": [
          77.1752674,
          28.5069627
        ]
      },
      "id": "node/7131446809"
    },
    {
      "type": "Feature",
      "properties": {
        "@id": "node/7173886975",
        "amenity": "atm",
        "brand": "Indicash",
        "level": "0",
        "wheelchair": "no"
      },
      "geometry": {
        "type": "Point",
        "coordinates": [
          77.1966744,
          28.5005104
        ]
      },
      "id": "node/7173886975"
    },
    {
      "type": "Feature",
      "properties": {
        "@id": "node/7173886981",
        "amenity": "atm",
        "brand": "Canara Bank",
        "wheelchair": "no"
      },
      "geometry": {
        "type": "Point",
        "coordinates": [
          77.1967878,
          28.5004559
        ]
      },
      "id": "node/7173886981"
    },
    {
      "type": "Feature",
      "properties": {
        "@id": "node/7184365606",
        "amenity": "atm",
        "brand": "ICICI Bank",
        "brand:en": "ICICI Bank",
        "brand:wikidata": "Q1653258",
        "currency:INR": "yes",
        "drive_through": "no",
        "indoor": "yes",
        "level": "0",
        "note": "Contributors are requested to not edit the \"brand\", \"brand:en\", \"brand:wikidata\", \"operator\", \"operator:en\" and \"operator:wikidata\" tags. (2025/02/19)",
        "opening_hours": "24/7",
        "operator": "ICICI Bank",
        "operator:en": "ICICI Bank",
        "operator:wikidata": "Q1653258",
        "short_name": "ICICI",
        "wheelchair": "no"
      },
      "geometry": {
        "type": "Point",
        "coordinates": [
          77.1986978,
          28.5044991
        ]
      },
      "id": "node/7184365606"
    },
    {
      "type": "Feature",
      "properties": {
        "@id": "node/7861437957",
        "amenity": "bank",
        "atm": "yes",
        "branch": "Kalkaji Depot",
        "brand": "Canara Bank",
        "brand:en": "Canara Bank",
        "brand:hi": "\u0915\u0947\u0928\u0930\u093e \u092c\u0948\u0902\u0915",
        "brand:kn": "\u0c95\u0cc6\u0ca8\u0cb0\u0cbe \u0cac\u0ccd\u0caf\u0cbe\u0c82\u0c95\u0ccd",
        "brand:pa": "\u0a15\u0a47\u0a28\u0a30\u0a3e \u0a2c\u0a48\u0a02\u0a15",
        "brand:pnb": "\u06a9\u06cc\u0646\u0631\u0627 \u0628\u06cc\u0646\u06a9",
        "brand:ur": "\u06a9\u06cc\u0646\u0631\u0627 \u0628\u06cc\u0646\u06a9",
        "brand:wikidata": "Q2003777",
        "name": "Canara Bank",
        "name:en": "Canara Bank",
        "name:hi": "\u0915\u0947\u0928\u0930\u093e \u092c\u0948\u0902\u0915",
        "name:kn": "\u0c95\u0cc6\u0ca8\u0cb0\u0cbe \u0cac\u0ccd\u0caf\u0cbe\u0c82\u0c95\u0ccd",
        "name:pa": "\u0a15\u0a47\u0a28\u0a30\u0a3e \u0a2c\u0a48\u0a02\u0a15",
        "name:pnb": "\u06a9\u06cc\u0646\u0631\u0627 \u0628\u06cc\u0646\u06a9",
        "name:ur": "\u06a9\u06cc\u0646\u0631\u0627 \u0628\u06cc\u0646\u06a9",
        "was:brand": "Syndicate Bank"
      },
      "geometry": {
        "type": "Point",
        "coordinates": [
          77.267634,
          28.5373624
        ]
      },
      "id": "node/7861437957"
    },
    {
      "type": "Feature",
      "properties": {
        "@id": "node/9167498261",
        "amenity": "atm",
        "brand": "State Bank of India",
        "brand:en": "State Bank of India",
        "brand:wikidata": "Q1340361",
        "cash_in": "yes",
        "currency:INR": "yes",
        "currency:rupee": "yes",
        "drive_through": "no",
        "indoor": "yes",
        "name": "State Bank of India",
        "note": "Contributors are requested to not edit the \"brand\", \"brand:en\", \"brand:wikidata\", \"operator\", \"operator:en\" and \"operator:wikidata\" tags. (2025/02/19)",
        "opening_hours": "24/7",
        "operator": "State Bank of India",
        "operator:en": "State Bank of India",
        "operator:wikidata": "Q1340361",
        "short_name": "SBI"
      },
      "geometry": {
        "type": "Point",
        "coordinates": [
          77.189361,
          28.4947338
        ]
      },
      "id": "node/9167498261"
    },
    {
      "type": "Feature",
      "properties": {
        "@id": "node/9480755538",
        "amenity": "atm",
        "brand": "HDFC Bank",
        "brand:en": "HDFC Bank",
        "brand:wikidata": "Q631047",
        "currency:INR": "yes",
        "drive_through": "no",
        "indoor": "yes",
        "note": "Contributors are requested to not edit the \"brand\", \"brand:en\", \"brand:wikidata\", \"operator\", \"operator:en\" and \"operator:wikidata\" tags. (2025/02/19)",
        "opening_hours": "24/7",
        "operator": "HDFC Bank",
        "operator:en": "HDFC Bank",
        "operator:wikidata": "Q631047",
        "short_name": "HDFC",
        "wheelchair": "no"
      },
      "geometry": {
        "type": "Point",
        "coordinates": [
          77.1992856,
          28.560481
        ]
      },
      "id": "node/9480755538"
    },
    {
      "type": "Feature",
      "properties": {
        "@id": "node/9480755543",
        "amenity": "atm",
        "brand": "Axis Bank",
        "brand:wikidata": "Q2003549",
        "operator": "Axis Bank",
        "operator:wikidata": "Q2003549",
        "wheelchair": "no"
      },
      "geometry": {
        "type": "Point",
        "coordinates": [
          77.1997409,
          28.5603538
        ]
      },
      "id": "node/9480755543"
    },
    {
      "type": "Feature",
      "properties": {
        "@id": "node/9502048348",
        "amenity": "bank",
        "atm": "yes",
        "branch": "Kailash Colony",
        "brand": "ICICI Bank",
        "brand:wikidata": "Q1653258",
        "name": "ICICI Bank",
        "short_name": "ICICI"
      },
      "geometry": {
        "type": "Point",
        "coordinates": [
          77.2410015,
          28.5538041
        ]
      },
      "id": "node/9502048348"
    },
    {
      "type": "Feature",
      "properties": {
        "@id": "node/9523918034",
        "amenity": "bank",
        "atm": "yes",
        "brand": "Yes Bank",
        "brand:wikidata": "Q2040394",
        "name": "Yes Bank",
        "wheelchair": "limited"
      },
      "geometry": {
        "type": "Point",
        "coordinates": [
          77.2342549,
          28.5510542
        ]
      },
      "id": "node/9523918034"
    },
    {
      "type": "Feature",
      "properties": {
        "@id": "node/9523918035",
        "amenity": "atm",
        "brand": "Central Bank of India",
        "brand:wikidata": "Q2007090",
        "name": "Central Bank of India",
        "opening_hours": "24/7",
        "operator": "Central Bank of India",
        "operator:wikidata": "Q2007090",
        "wheelchair": "limited"
      },
      "geometry": {
        "type": "Point",
        "coordinates": [
          77.2343004,
          28.5510142
        ]
      },
      "id": "node/9523918035"
    },
    {
      "type": "Feature",
      "properties": {
        "@id": "node/9536775924",
        "amenity": "atm",
        "brand": "India Post Payments Bank",
        "brand:en": "India Post Payments Bank",
        "brand:hi": "\u092d\u093e\u0930\u0924\u0940\u092f \u0921\u093e\u0915 \u092d\u0941\u0917\u0924\u093e\u0928 \u092c\u0948\u0902\u0915",
        "brand:wikidata": "Q2003302",
        "check_date": "2024-05-26",
        "covered": "yes",
        "currency:INR": "yes",
        "drive_through": "no",
        "indoor": "yes",
        "lit": "yes",
        "name:en": "India Post Payments Bank",
        "name:hi": "\u092d\u093e\u0930\u0924\u0940\u092f \u0921\u093e\u0915 \u092d\u0941\u0917\u0924\u093e\u0928 \u092c\u0948\u0902\u0915",
        "opening_hours": "24/7",
        "operator": "India Post Payments Bank",
        "operator:wikidata": "Q2003302",
        "wheelchair": "no"
      },
      "geometry": {
        "type": "Point",
        "coordinates": [
          77.1821813,
          28.5210139
        ]
      },
      "id": "node/9536775924"
    },
    {
      "type": "Feature",
      "properties": {
        "@id": "node/9536865082",
        "amenity": "atm",
        "brand": "Canara Bank",
        "brand:en": "Canara Bank",
        "brand:hi": "\u0915\u0947\u0928\u0930\u093e \u092c\u0948\u0902\u0915",
        "brand:kn": "\u0c95\u0cc6\u0ca8\u0cb0\u0cbe \u0cac\u0ccd\u0caf\u0cbe\u0c82\u0c95\u0ccd",
        "brand:pa": "\u0a15\u0a47\u0a28\u0a30\u0a3e \u0a2c\u0a48\u0a02\u0a15",
        "brand:pnb": "\u06a9\u06cc\u0646\u0631\u0627 \u0628\u06cc\u0646\u06a9",
        "brand:ur": "\u06a9\u06cc\u0646\u0631\u0627 \u0628\u06cc\u0646\u06a9",
        "brand:wikidata": "Q2003777",
        "name:en": "Canara Bank",
        "name:hi": "\u0915\u0947\u0928\u0930\u093e \u092c\u0948\u0902\u0915",
        "name:kn": "\u0c95\u0cc6\u0ca8\u0cb0\u0cbe \u0cac\u0ccd\u0caf\u0cbe\u0c82\u0c95\u0ccd",
        "name:pa": "\u0a15\u0a47\u0a28\u0a30\u0a3e \u0a2c\u0a48\u0a02\u0a15",
        "name:pnb": "\u06a9\u06cc\u0646\u0631\u0627 \u0628\u06cc\u0646\u06a9",
        "name:ur": "\u06a9\u06cc\u0646\u0631\u0627 \u0628\u06cc\u0646\u06a9",
        "operator": "Canara Bank",
        "operator:wikidata": "Q2003777",
        "wheelchair": "no"
      },
      "geometry": {
        "type": "Point",
        "coordinates": [
          77.1819611,
          28.522186
        ]
      },
      "id": "node/9536865082"
    },
    {
      "type": "Feature",
      "properties": {
        "@id": "node/9781142532",
        "amenity": "atm",
        "brand": "Yes Bank"
      },
      "geometry": {
        "type": "Point",
        "coordinates": [
          77.2410377,
          28.556621
        ]
      },
      "id": "node/9781142532"
    },
    {
      "type": "Feature",
      "properties": {
        "@id": "node/9970337708",
        "amenity": "atm",
        "brand": "State Bank of India",
        "brand:en": "State Bank of India",
        "brand:wikidata": "Q1340361",
        "currency:INR": "yes",
        "drive_through": "no",
        "indoor": "yes",
        "name": "State Bank of India",
        "note": "Contributors are requested to not edit the \"brand\", \"brand:en\", \"brand:wikidata\", \"operator\", \"operator:en\" and \"operator:wikidata\" tags. (2025/02/19)",
        "opening_hours": "24/7",
        "operator": "State Bank of India",
        "operator:en": "State Bank of India",
        "operator:wikidata": "Q1340361",
        "short_name": "SBI"
      },
      "geometry": {
        "type": "Point",
        "coordinates": [
          77.1928031,
          28.5436893
        ]
      },
      "id": "node/9970337708"
    },
    {
      "type": "Feature",
      "properties": {
        "@id": "node/9970337709",
        "amenity": "atm",
        "brand": "State Bank of India",
        "brand:en": "State Bank of India",
        "brand:wikidata": "Q1340361",
        "currency:INR": "yes",
        "drive_through": "no",
        "indoor": "yes",
        "name": "State Bank of India",
        "note": "Contributors are requested to not edit the \"brand\", \"brand:en\", \"brand:wikidata\", \"operator\", \"operator:en\" and \"operator:wikidata\" tags. (2025/02/19)",
        "opening_hours": "24/7",
        "operator": "State Bank of India",
        "operator:en": "State Bank of India",
        "operator:wikidata": "Q1340361",
        "short_name": "SBI"
      },
      "geometry": {
        "type": "Point",
        "coordinates": [
          77.1928191,
          28.5436795
        ]
      },
      "id": "node/9970337709"
    },
    {
      "type": "Feature",
      "properties": {
        "@id": "node/9970337710",
        "amenity": "atm",
        "brand": "State Bank of India",
        "brand:en": "State Bank of India",
        "brand:wikidata": "Q1340361",
        "currency:INR": "yes",
        "drive_through": "no",
        "indoor": "yes",
        "name": "State Bank of India",
        "note": "Contributors are requested to not edit the \"brand\", \"brand:en\", \"brand:wikidata\", \"operator\", \"operator:en\" and \"operator:wikidata\" tags. (2025/02/19)",
        "opening_hours": "24/7",
        "operator": "State Bank of India",
        "operator:en": "State Bank of India",
        "operator:wikidata": "Q1340361",
        "short_name": "SBI"
      },
      "geometry": {
        "type": "Point",
        "coordinates": [
          77.1932401,
          28.543858
        ]
      },
      "id": "node/9970337710"
    },
    {
      "type": "Feature",
      "properties": {
        "@id": "node/10049664265",
        "amenity": "atm"
      },
      "geometry": {
        "type": "Point",
        "coordinates": [
          77.1990022,
          28.5427605
        ]
      },
      "id": "node/10049664265"
    },
    {
      "type": "Feature",
      "properties": {
        "@id": "node/10103308925",
        "amenity": "atm",
        "brand": "State Bank of India",
        "brand:en": "State Bank of India",
        "brand:wikidata": "Q1340361",
        "currency:INR": "yes",
        "drive_through": "no",
        "indoor": "yes",
        "name": "State Bank of India",
        "note": "Contributors are requested to not edit the \"brand\", \"brand:en\", \"brand:wikidata\", \"operator\", \"operator:en\" and \"operator:wikidata\" tags. (2025/02/19)",
        "opening_hours": "24/7",
        "operator": "State Bank of India",
        "operator:en": "State Bank of India",
        "operator:wikidata": "Q1340361",
        "short_name": "SBI"
      },
      "geometry": {
        "type": "Point",
        "coordinates": [
          77.1964782,
          28.5591389
        ]
      },
      "id": "node/10103308925"
    },
    {
      "type": "Feature",
      "properties": {
        "@id": "node/10103313017",
        "amenity": "atm",
        "brand": "State Bank of India",
        "brand:en": "State Bank of India",
        "brand:wikidata": "Q1340361",
        "cash_in": "no",
        "currency:INR": "yes",
        "drive_through": "no",
        "indoor": "yes",
        "note": "Contributors are requested to not edit the \"brand\", \"brand:en\", \"brand:wikidata\", \"operator\", \"operator:en\" and \"operator:wikidata\" tags. (2025/02/19)",
        "opening_hours": "24/7",
        "operator": "State Bank of India",
        "operator:en": "State Bank of India",
        "operator:wikidata": "Q1340361",
        "short_name": "SBI"
      },
      "geometry": {
        "type": "Point",
        "coordinates": [
          77.1964598,
          28.5591406
        ]
      },
      "id": "node/10103313017"
    },
    {
      "type": "Feature",
      "properties": {
        "@id": "node/10149207079",
        "amenity": "atm",
        "brand": "UCO Bank",
        "brand:wikidata": "Q2005310",
        "operator": "UCO Bank",
        "operator:wikidata": "Q2005310"
      },
      "geometry": {
        "type": "Point",
        "coordinates": [
          77.2327798,
          28.5661926
        ]
      },
      "id": "node/10149207079"
    },
    {
      "type": "Feature",
      "properties": {
        "@id": "node/10149207080",
        "amenity": "atm",
        "brand": "Bank of Baroda",
        "brand:wikidata": "Q2003797",
        "operator": "Bank of Baroda",
        "operator:wikidata": "Q2003797"
      },
      "geometry": {
        "type": "Point",
        "coordinates": [
          77.2325673,
          28.5662008
        ]
      },
      "id": "node/10149207080"
    },
    {
      "type": "Feature",
      "properties": {
        "@id": "node/10149247223",
        "amenity": "atm",
        "brand": "Canara Bank",
        "brand:en": "Canara Bank",
        "brand:hi": "\u0915\u0947\u0928\u0930\u093e \u092c\u0948\u0902\u0915",
        "brand:kn": "\u0c95\u0cc6\u0ca8\u0cb0\u0cbe \u0cac\u0ccd\u0caf\u0cbe\u0c82\u0c95\u0ccd",
        "brand:pa": "\u0a15\u0a47\u0a28\u0a30\u0a3e \u0a2c\u0a48\u0a02\u0a15",
        "brand:pnb": "\u06a9\u06cc\u0646\u0631\u0627 \u0628\u06cc\u0646\u06a9",
        "brand:ur": "\u06a9\u06cc\u0646\u0631\u0627 \u0628\u06cc\u0646\u06a9",
        "brand:wikidata": "Q2003777",
        "name:en": "Canara Bank",
        "name:hi": "\u0915\u0947\u0928\u0930\u093e \u092c\u0948\u0902\u0915",
        "name:kn": "\u0c95\u0cc6\u0ca8\u0cb0\u0cbe \u0cac\u0ccd\u0caf\u0cbe\u0c82\u0c95\u0ccd",
        "name:pa": "\u0a15\u0a47\u0a28\u0a30\u0a3e \u0a2c\u0a48\u0a02\u0a15",
        "name:pnb": "\u06a9\u06cc\u0646\u0631\u0627 \u0628\u06cc\u0646\u06a9",
        "name:ur": "\u06a9\u06cc\u0646\u0631\u0627 \u0628\u06cc\u0646\u06a9",
        "opening_hours": "24/7",
        "operator": "Canara Bank",
        "operator:wikidata": "Q2003777"
      },
      "geometry": {
        "type": "Point",
        "coordinates": [
          77.2339315,
          28.5669858
        ]
      },
      "id": "node/10149247223"
    },
    {
      "type": "Feature",
      "properties": {
        "@id": "node/10231089497",
        "amenity": "bank",
        "atm": "yes",
        "brand": "Axis Bank",
        "brand:wikidata": "Q2003549",
        "name": "Axis Bank"
      },
      "geometry": {
        "type": "Point",
        "coordinates": [
          77.1962165,
          28.5590045
        ]
      },
      "id": "node/10231089497"
    },
    {
      "type": "Feature",
      "properties": {
        "@id": "node/10231111582",
        "amenity": "bank",
        "atm": "yes",
        "brand": "Yes Bank",
        "brand:wikidata": "Q2040394",
        "name": "Yes Bank"
      },
      "geometry": {
        "type": "Point",
        "coordinates": [
          77.1961489,
          28.5590066
        ]
      },
      "id": "node/10231111582"
    },
    {
      "type": "Feature",
      "properties": {
        "@id": "node/10231136010",
        "amenity": "bank",
        "atm": "yes",
        "brand": "HDFC Bank",
        "brand:wikidata": "Q631047",
        "name": "HDFC Bank",
        "short_name": "HDFC"
      },
      "geometry": {
        "type": "Point",
        "coordinates": [
          77.1957428,
          28.5590262
        ]
      },
      "id": "node/10231136010"
    },
    {
      "type": "Feature",
      "properties": {
        "@id": "node/10231151386",
        "amenity": "bank",
        "atm": "yes",
        "brand": "IndusInd Bank",
        "brand:wikidata": "Q2040323",
        "name": "IndusInd Bank"
      },
      "geometry": {
        "type": "Point",
        "coordinates": [
          77.1959529,
          28.5590059
        ]
      },
      "id": "node/10231151386"
    },
    {
      "type": "Feature",
      "properties": {
        "@id": "node/10231152617",
        "amenity": "bank",
        "atm": "yes",
        "brand": "IDFC First Bank",
        "brand:wikidata": "Q22031467",
        "name": "IDFC First Bank"
      },
      "geometry": {
        "type": "Point",
        "coordinates": [
          77.1960856,
          28.55901
        ]
      },
      "id": "node/10231152617"
    },
    {
      "type": "Feature",
      "properties": {
        "@id": "node/10271235652",
        "amenity": "atm",
        "brand": "Punjab National Bank",
        "brand:wikidata": "Q2743499",
        "operator": "Punjab National Bank",
        "operator:wikidata": "Q2743499"
      },
      "geometry": {
        "type": "Point",
        "coordinates": [
          77.2532826,
          28.5886196
        ]
      },
      "id": "node/10271235652"
    },
    {
      "type": "Feature",
      "properties": {
        "@id": "node/10538900851",
        "amenity": "atm",
        "brand": "Kotak Mahindra Bank",
        "brand:wikidata": "Q2040404",
        "check_date": "2025-08-09",
        "operator": "Kotak Mahindra Bank",
        "operator:wikidata": "Q2040404"
      },
      "geometry": {
        "type": "Point",
        "coordinates": [
          77.237633,
          28.5714374
        ]
      },
      "id": "node/10538900851"
    },
    {
      "type": "Feature",
      "properties": {
        "@id": "node/10864770501",
        "amenity": "bank",
        "atm": "yes",
        "brand": "Punjab National Bank",
        "brand:wikidata": "Q2743499",
        "check_date": "2023-05-02",
        "name": "Punjab National Bank"
      },
      "geometry": {
        "type": "Point",
        "coordinates": [
          77.2108147,
          28.5364224
        ]
      },
      "id": "node/10864770501"
    },
    {
      "type": "Feature",
      "properties": {
        "@id": "node/10933922036",
        "addr:street": "Nehru Place",
        "amenity": "bank",
        "atm": "yes",
        "branch": "Nehru Place",
        "brand": "Central Bank of India",
        "brand:wikidata": "Q2007090",
        "name": "Central Bank of India"
      },
      "geometry": {
        "type": "Point",
        "coordinates": [
          77.2528032,
          28.5488466
        ]
      },
      "id": "node/10933922036"
    },
    {
      "type": "Feature",
      "properties": {
        "@id": "node/10933923174",
        "amenity": "bank",
        "atm": "yes",
        "branch": "Nehru Place",
        "name": "SVC Co-operative Bank"
      },
      "geometry": {
        "type": "Point",
        "coordinates": [
          77.2519522,
          28.548526
        ]
      },
      "id": "node/10933923174"
    },
    {
      "type": "Feature",
      "properties": {
        "@id": "node/10933936506",
        "addr:buildingname": "Bakshi House",
        "amenity": "bank",
        "atm": "yes",
        "branch": "Nehru Place",
        "brand": "State Bank of India",
        "brand:wikidata": "Q1340361",
        "name": "State Bank of India",
        "short_name": "SBI"
      },
      "geometry": {
        "type": "Point",
        "coordinates": [
          77.2505184,
          28.5493727
        ]
      },
      "id": "node/10933936506"
    },
    {
      "type": "Feature",
      "properties": {
        "@id": "node/10933956603",
        "amenity": "bank",
        "atm": "yes",
        "brand": "Kotak Mahindra Bank",
        "brand:wikidata": "Q2040404",
        "check_date": "2024-05-23",
        "drive_through": "no",
        "internet_access": "no",
        "name": "Kotak Mahindra Bank",
        "name:en": "Kotak Mahindra Bank"
      },
      "geometry": {
        "type": "Point",
        "coordinates": [
          77.2507451,
          28.5495304
        ]
      },
      "id": "node/10933956603"
    },
    {
      "type": "Feature",
      "properties": {
        "@id": "node/11101285447",
        "amenity": "bank",
        "atm": "yes",
        "branch": "Greater Kailash 1",
        "brand": "RBL Bank",
        "brand:wikidata": "Q13120398",
        "level": "0",
        "name": "RBL Bank",
        "wheelchair": "no"
      },
      "geometry": {
        "type": "Point",
        "coordinates": [
          77.2346413,
          28.55075
        ]
      },
      "id": "node/11101285447"
    },
    {
      "type": "Feature",
      "properties": {
        "@id": "node/11118587140",
        "amenity": "atm",
        "brand": "Axis Bank",
        "brand:wikidata": "Q2003549",
        "level": "0",
        "name": "Axis Bank",
        "operator": "Axis Bank",
        "operator:wikidata": "Q2003549",
        "wheelchair": "yes"
      },
      "geometry": {
        "type": "Point",
        "coordinates": [
          77.2351289,
          28.5504459
        ]
      },
      "id": "node/11118587140"
    },
    {
      "type": "Feature",
      "properties": {
        "@id": "node/11131212713",
        "amenity": "atm",
        "brand": "Union Bank of India",
        "brand:wikidata": "Q2004078",
        "name": "Union Bank of India",
        "operator": "Union Bank of India",
        "operator:wikidata": "Q2004078"
      },
      "geometry": {
        "type": "Point",
        "coordinates": [
          77.242533,
          28.5535941
        ]
      },
      "id": "node/11131212713"
    },
    {
      "type": "Feature",
      "properties": {
        "@id": "node/11131967560",
        "amenity": "atm",
        "brand": "Bank of Baroda",
        "brand:wikidata": "Q2003797",
        "level": "0",
        "operator": "Bank of Baroda",
        "operator:wikidata": "Q2003797",
        "wheelchair": "no"
      },
      "geometry": {
        "type": "Point",
        "coordinates": [
          77.2408191,
          28.5536507
        ]
      },
      "id": "node/11131967560"
    },
    {
      "type": "Feature",
      "properties": {
        "@id": "node/11207800291",
        "addr:street": "janpura extension",
        "amenity": "atm",
        "brand": "Kotak Mahindra Bank",
        "brand:wikidata": "Q2040404",
        "name": "Kotak Mahindra Bank ATM",
        "operator": "Kotak Mahindra Bank",
        "operator:wikidata": "Q2040404"
      },
      "geometry": {
        "type": "Point",
        "coordinates": [
          77.2437489,
          28.5841013
        ]
      },
      "id": "node/11207800291"
    },
    {
      "type": "Feature",
      "properties": {
        "@id": "node/11207875247",
        "amenity": "atm",
        "brand": "IndusInd Bank",
        "brand:wikidata": "Q2040323",
        "name": "Indusind bank atm",
        "operator": "IndusInd Bank",
        "operator:wikidata": "Q2040323"
      },
      "geometry": {
        "type": "Point",
        "coordinates": [
          77.2444791,
          28.5831576
        ]
      },
      "id": "node/11207875247"
    },
    {
      "type": "Feature",
      "properties": {
        "@id": "node/11207914999",
        "amenity": "atm",
        "brand": "Yes Bank",
        "brand:wikidata": "Q2040394",
        "operator": "Yes Bank",
        "operator:wikidata": "Q2040394",
        "wheelchair": "no"
      },
      "geometry": {
        "type": "Point",
        "coordinates": [
          77.2430991,
          28.5843152
        ]
      },
      "id": "node/11207914999"
    },
    {
      "type": "Feature",
      "properties": {
        "@id": "node/11219740588",
        "amenity": "atm",
        "brand": "Kotak Mahindra Bank",
        "brand:wikidata": "Q2040404",
        "check_date": "2024-05-19",
        "covered": "yes",
        "indoor": "yes",
        "level": "0",
        "lit": "yes",
        "name": "Kotak Mahindra Bank",
        "name:en": "Kotak Mahindra Bank",
        "operator": "Kotak Mahindra Bank",
        "operator:wikidata": "Q2040404",
        "wheelchair": "yes"
      },
      "geometry": {
        "type": "Point",
        "coordinates": [
          77.2535041,
          28.5487919
        ]
      },
      "id": "node/11219740588"
    },
    {
      "type": "Feature",
      "properties": {
        "@id": "node/11219767351",
        "amenity": "atm",
        "check_date": "2024-05-19",
        "covered": "yes",
        "currency:INR": "yes",
        "drive_through": "no",
        "indoor": "yes",
        "lit": "yes",
        "name": "Punjab and Sindh Bank",
        "name:en": "Punjab and Sindh Bank"
      },
      "geometry": {
        "type": "Point",
        "coordinates": [
          77.252913,
          28.5485501
        ]
      },
      "id": "node/11219767351"
    },
    {
      "type": "Feature",
      "properties": {
        "@id": "node/11224962201",
        "amenity": "atm",
        "name": "Kotak Bank atm"
      },
      "geometry": {
        "type": "Point",
        "coordinates": [
          77.3003552,
          28.5034886
        ]
      },
      "id": "node/11224962201"
    },
    {
      "type": "Feature",
      "properties": {
        "@id": "node/11224964652",
        "amenity": "atm",
        "brand": "ICICI Bank",
        "brand:en": "ICICI Bank",
        "brand:wikidata": "Q1653258",
        "currency:INR": "yes",
        "drive_through": "no",
        "indoor": "yes",
        "name": "ICICI Bank",
        "note": "Contributors are requested to not edit the \"brand\", \"brand:en\", \"brand:wikidata\", \"operator\", \"operator:en\" and \"operator:wikidata\" tags. (2025/02/19)",
        "opening_hours": "24/7",
        "operator": "ICICI Bank",
        "operator:en": "ICICI Bank",
        "operator:wikidata": "Q1653258",
        "short_name": "ICICI"
      },
      "geometry": {
        "type": "Point",
        "coordinates": [
          77.3035107,
          28.4973912
        ]
      },
      "id": "node/11224964652"
    },
    {
      "type": "Feature",
      "properties": {
        "@id": "node/11241096705",
        "amenity": "atm",
        "brand": "Axis Bank",
        "brand:wikidata": "Q2003549",
        "level": "1",
        "operator": "Axis Bank",
        "operator:wikidata": "Q2003549"
      },
      "geometry": {
        "type": "Point",
        "coordinates": [
          77.2516931,
          28.5513363
        ]
      },
      "id": "node/11241096705"
    },
    {
      "type": "Feature",
      "properties": {
        "@id": "node/11264313178",
        "amenity": "atm",
        "brand": "Axis Bank",
        "brand:wikidata": "Q2003549",
        "name": "Axis Bank",
        "operator": "Axis Bank",
        "operator:wikidata": "Q2003549"
      },
      "geometry": {
        "type": "Point",
        "coordinates": [
          77.2357079,
          28.5501197
        ]
      },
      "id": "node/11264313178"
    },
    {
      "type": "Feature",
      "properties": {
        "@id": "node/11288754555",
        "amenity": "atm",
        "brand": "HDFC Bank",
        "brand:en": "HDFC Bank",
        "brand:wikidata": "Q631047",
        "currency:INR": "yes",
        "drive_through": "no",
        "indoor": "yes",
        "name": "HDFC Bank",
        "note": "Contributors are requested to not edit the \"brand\", \"brand:en\", \"brand:wikidata\", \"operator\", \"operator:en\" and \"operator:wikidata\" tags. (2025/02/19)",
        "opening_hours": "24/7",
        "operator": "HDFC Bank",
        "operator:en": "HDFC Bank",
        "operator:wikidata": "Q631047",
        "short_name": "HDFC"
      },
      "geometry": {
        "type": "Point",
        "coordinates": [
          77.2242042,
          28.5434754
        ]
      },
      "id": "node/11288754555"
    },
    {
      "type": "Feature",
      "properties": {
        "@id": "node/11302717261",
        "amenity": "atm",
        "brand": "Indian Bank",
        "brand:wikidata": "Q2003789",
        "name": "Indian Bank",
        "operator": "Indian Bank",
        "operator:wikidata": "Q2003789"
      },
      "geometry": {
        "type": "Point",
        "coordinates": [
          77.2045702,
          28.5601205
        ]
      },
      "id": "node/11302717261"
    },
    {
      "type": "Feature",
      "properties": {
        "@id": "node/11302738994",
        "amenity": "atm",
        "brand": "HDFC Bank",
        "brand:en": "HDFC Bank",
        "brand:wikidata": "Q631047",
        "currency:INR": "yes",
        "drive_through": "no",
        "indoor": "yes",
        "name": "HDFC Bank",
        "note": "Contributors are requested to not edit the \"brand\", \"brand:en\", \"brand:wikidata\", \"operator\", \"operator:en\" and \"operator:wikidata\" tags. (2025/02/19)",
        "opening_hours": "24/7",
        "operator": "HDFC Bank",
        "operator:en": "HDFC Bank",
        "operator:wikidata": "Q631047",
        "short_name": "HDFC"
      },
      "geometry": {
        "type": "Point",
        "coordinates": [
          77.1957417,
          28.5590049
        ]
      },
      "id": "node/11302738994"
    },
    {
      "type": "Feature",
      "properties": {
        "@id": "node/11327738863",
        "amenity": "atm",
        "brand": "Punjab National Bank",
        "level": "0",
        "operator": "Punjab National Bank",
        "operator:wikidata": "Q2743499",
        "wheelchair": "no"
      },
      "geometry": {
        "type": "Point",
        "coordinates": [
          77.2197792,
          28.5639725
        ]
      },
      "id": "node/11327738863"
    },
    {
      "type": "Feature",
      "properties": {
        "@id": "node/11409393170",
        "amenity": "atm",
        "brand": "Axis Bank",
        "brand:wikidata": "Q2003549",
        "operator": "Axis Bank",
        "operator:wikidata": "Q2003549"
      },
      "geometry": {
        "type": "Point",
        "coordinates": [
          77.2106873,
          28.5374122
        ]
      },
      "id": "node/11409393170"
    },
    {
      "type": "Feature",
      "properties": {
        "@id": "node/11480691822",
        "amenity": "atm",
        "brand": "Axis Bank",
        "brand:wikidata": "Q2003549",
        "check_date": "2026-05-10",
        "level": "0",
        "name": "Axis Bank",
        "operator": "Axis Bank",
        "operator:wikidata": "Q2003549",
        "wheelchair": "no"
      },
      "geometry": {
        "type": "Point",
        "coordinates": [
          77.1933106,
          28.5619887
        ]
      },
      "id": "node/11480691822"
    },
    {
      "type": "Feature",
      "properties": {
        "@id": "node/11660106869",
        "amenity": "atm"
      },
      "geometry": {
        "type": "Point",
        "coordinates": [
          77.2419548,
          28.5812243
        ]
      },
      "id": "node/11660106869"
    },
    {
      "type": "Feature",
      "properties": {
        "@id": "node/11697955765",
        "amenity": "atm",
        "operator": "axis bank ATM"
      },
      "geometry": {
        "type": "Point",
        "coordinates": [
          77.282637,
          28.4965873
        ]
      },
      "id": "node/11697955765"
    },
    {
      "type": "Feature",
      "properties": {
        "@id": "node/11698085444",
        "amenity": "atm",
        "operator": "union bank"
      },
      "geometry": {
        "type": "Point",
        "coordinates": [
          77.237689,
          28.5111474
        ]
      },
      "id": "node/11698085444"
    },
    {
      "type": "Feature",
      "properties": {
        "@id": "node/11726857266",
        "addr:city": "Delhi",
        "amenity": "bank",
        "atm": "yes",
        "brand": "Bandhan Bank",
        "brand:wikidata": "Q19882235",
        "check_date": "2024-03-13",
        "level": "Nehru Place",
        "name": "Bandhan Bank",
        "name:hi": "\u092c\u0928\u094d\u0927\u0928 \u092c\u0948\u0902\u0915",
        "opening_hours": "Mo-Sa 09:30-16:30; Su,Sa[2,4] off",
        "wheelchair": "no"
      },
      "geometry": {
        "type": "Point",
        "coordinates": [
          77.2532736,
          28.5491579
        ]
      },
      "id": "node/11726857266"
    },
    {
      "type": "Feature",
      "properties": {
        "@id": "node/11813707991",
        "amenity": "atm",
        "brand": "ICICI Bank",
        "brand:en": "ICICI Bank",
        "brand:wikidata": "Q1653258",
        "check_date": "2024-04-13",
        "currency:INR": "yes",
        "drive_through": "no",
        "indoor": "yes",
        "level": "0",
        "note": "Contributors are requested to not edit the \"brand\", \"brand:en\", \"brand:wikidata\", \"operator\", \"operator:en\" and \"operator:wikidata\" tags. (2025/02/19)",
        "opening_hours": "24/7",
        "operator": "ICICI Bank",
        "operator:en": "ICICI Bank",
        "operator:wikidata": "Q1653258",
        "short_name": "ICICI"
      },
      "geometry": {
        "type": "Point",
        "coordinates": [
          77.1679014,
          28.5880173
        ]
      },
      "id": "node/11813707991"
    },
    {
      "type": "Feature",
      "properties": {
        "@id": "node/11818675682",
        "amenity": "atm",
        "brand": "Yes Bank",
        "brand:wikidata": "Q2040394",
        "operator": "Yes Bank",
        "operator:wikidata": "Q2040394"
      },
      "geometry": {
        "type": "Point",
        "coordinates": [
          77.1690259,
          28.5875348
        ]
      },
      "id": "node/11818675682"
    },
    {
      "type": "Feature",
      "properties": {
        "@id": "node/11985532451",
        "amenity": "bank",
        "atm": "yes",
        "check_date": "2024-06-16",
        "drive_through": "no",
        "internet_access": "no",
        "name": "ICIC Bank",
        "wheelchair": "yes"
      },
      "geometry": {
        "type": "Point",
        "coordinates": [
          77.2469826,
          28.5402757
        ]
      },
      "id": "node/11985532451"
    },
    {
      "type": "Feature",
      "properties": {
        "@id": "node/11985543091",
        "amenity": "bank",
        "atm": "yes",
        "branch": "Chittaranjan Park",
        "brand": "Punjab National Bank",
        "brand:wikidata": "Q2743499",
        "name": "Punjab National Bank"
      },
      "geometry": {
        "type": "Point",
        "coordinates": [
          77.2477977,
          28.5404343
        ]
      },
      "id": "node/11985543091"
    },
    {
      "type": "Feature",
      "properties": {
        "@id": "node/12208769445",
        "addr:floor": "0",
        "amenity": "bank",
        "atm": "yes",
        "brand": "Axis Bank",
        "brand:wikidata": "Q2003549",
        "check_date": "2024-09-29",
        "drive_through": "no",
        "level": "0",
        "name": "Axis Bank"
      },
      "geometry": {
        "type": "Point",
        "coordinates": [
          77.2469642,
          28.5680516
        ]
      },
      "id": "node/12208769445"
    },
    {
      "type": "Feature",
      "properties": {
        "@id": "node/12208769448",
        "amenity": "bank",
        "atm": "yes",
        "brand": "IndusInd Bank",
        "brand:wikidata": "Q2040323",
        "check_date": "2024-09-29",
        "drive_through": "no",
        "level": "2",
        "name": "IndusInd Bank",
        "opening_hours": "24/7"
      },
      "geometry": {
        "type": "Point",
        "coordinates": [
          77.246961,
          28.5680466
        ]
      },
      "id": "node/12208769448"
    },
    {
      "type": "Feature",
      "properties": {
        "@id": "node/12208781433",
        "amenity": "bank",
        "atm": "yes",
        "branch": "Lajpat Nagar",
        "brand": "CSB Bank",
        "brand:wikidata": "Q5053244",
        "check_date": "2024-09-29",
        "drive_through": "no",
        "name": "CSB Bank",
        "name:en": "Catholic Syrian Bank",
        "official_name": "Catholic Syrian Bank"
      },
      "geometry": {
        "type": "Point",
        "coordinates": [
          77.2473418,
          28.5679561
        ]
      },
      "id": "node/12208781433"
    },
    {
      "type": "Feature",
      "properties": {
        "@id": "node/12254988654",
        "amenity": "atm",
        "brand": "State Bank of India",
        "brand:en": "State Bank of India",
        "brand:wikidata": "Q1340361",
        "currency:INR": "yes",
        "drive_through": "no",
        "indoor": "yes",
        "note": "Contributors are requested to not edit the \"brand\", \"brand:en\", \"brand:wikidata\", \"operator\", \"operator:en\" and \"operator:wikidata\" tags. (2025/02/19)",
        "opening_hours": "24/7",
        "operator": "State Bank of India",
        "operator:en": "State Bank of India",
        "operator:wikidata": "Q1340361",
        "short_name": "SBI"
      },
      "geometry": {
        "type": "Point",
        "coordinates": [
          77.1841255,
          28.5058524
        ]
      },
      "id": "node/12254988654"
    },
    {
      "type": "Feature",
      "properties": {
        "@id": "node/12321104483",
        "amenity": "atm",
        "brand": "Axis Bank",
        "brand:wikidata": "Q2003549",
        "level": "0",
        "name": "Axis Bank",
        "operator": "Axis Bank",
        "operator:wikidata": "Q2003549"
      },
      "geometry": {
        "type": "Point",
        "coordinates": [
          77.2083608,
          28.5494043
        ]
      },
      "id": "node/12321104483"
    },
    {
      "type": "Feature",
      "properties": {
        "@id": "node/12344924790",
        "amenity": "bank",
        "atm": "yes",
        "brand": "HDFC Bank",
        "brand:wikidata": "Q631047",
        "check_date": "2024-11-14",
        "name": "HDFC Bank",
        "short_name": "HDFC"
      },
      "geometry": {
        "type": "Point",
        "coordinates": [
          77.2435683,
          28.5561119
        ]
      },
      "id": "node/12344924790"
    },
    {
      "type": "Feature",
      "properties": {
        "@id": "node/12511952907",
        "amenity": "atm",
        "brand": "HDFC Bank",
        "brand:en": "HDFC Bank",
        "brand:wikidata": "Q631047",
        "currency:INR": "yes",
        "currency:rupee": "yes",
        "drive_through": "no",
        "indoor": "yes",
        "level": "0",
        "name": "HDFC Bank",
        "note": "Contributors are requested to not edit the \"brand\", \"brand:en\", \"brand:wikidata\", \"operator\", \"operator:en\" and \"operator:wikidata\" tags. (2025/02/19)",
        "opening_hours": "24/7",
        "operator": "HDFC Bank",
        "operator:en": "HDFC Bank",
        "operator:wikidata": "Q631047",
        "short_name": "HDFC",
        "wheelchair": "no"
      },
      "geometry": {
        "type": "Point",
        "coordinates": [
          77.2133176,
          28.5769098
        ]
      },
      "id": "node/12511952907"
    },
    {
      "type": "Feature",
      "properties": {
        "@id": "node/12603090802",
        "amenity": "atm",
        "operator": "State Bank of India"
      },
      "geometry": {
        "type": "Point",
        "coordinates": [
          77.2059273,
          28.5206171
        ]
      },
      "id": "node/12603090802"
    },
    {
      "type": "Feature",
      "properties": {
        "@id": "node/12698755109",
        "addr:city": "NEW DELHI",
        "addr:postcode": "110067",
        "amenity": "bank",
        "atm": "yes",
        "brand": "State Bank of India",
        "brand:wikidata": "Q1340361",
        "name": "State Bank of India",
        "opening_hours": "24/7",
        "operator": "SBI",
        "short_name": "SBI"
      },
      "geometry": {
        "type": "Point",
        "coordinates": [
          77.1669196,
          28.5483282
        ]
      },
      "id": "node/12698755109"
    },
    {
      "type": "Feature",
      "properties": {
        "@id": "node/12799910139",
        "amenity": "atm",
        "brand": "Punjab National Bank",
        "brand:wikidata": "Q2743499",
        "level": "0",
        "name": "Punjab National Bank",
        "operator": "Punjab National Bank",
        "operator:wikidata": "Q2743499",
        "wheelchair": "no"
      },
      "geometry": {
        "type": "Point",
        "coordinates": [
          77.241898,
          28.5551261
        ]
      },
      "id": "node/12799910139"
    },
    {
      "type": "Feature",
      "properties": {
        "@id": "node/12800054391",
        "amenity": "bank",
        "atm": "yes",
        "branch": "Kailash Colony",
        "brand": "Punjab & Sind Bank",
        "brand:en": "Punjab & Sind Bank",
        "brand:hi": "\u092a\u0902\u091c\u093e\u092c \u090f\u0923\u094d\u0921 \u0938\u093f\u0902\u0927 \u092c\u0948\u0902\u0915",
        "name": "Punjab & Sind Bank",
        "name:en": "Punjab & Sind Bank",
        "name:hi": "\u092a\u0902\u091c\u093e\u092c \u090f\u0923\u094d\u0921 \u0938\u093f\u0902\u0927 \u092c\u0948\u0902\u0915",
        "operator": "Punjab & Sind Bank",
        "operator:wikidata": "Q2003302"
      },
      "geometry": {
        "type": "Point",
        "coordinates": [
          77.2407778,
          28.5530446
        ]
      },
      "id": "node/12800054391"
    },
    {
      "type": "Feature",
      "properties": {
        "@id": "node/12816100018",
        "amenity": "bank",
        "atm": "yes",
        "branch": "Pannalal Girdharlal Dayanand Anglo Vedic College",
        "brand": "Canara Bank",
        "brand:en": "Canara Bank",
        "brand:hi": "\u0915\u0947\u0928\u0930\u093e \u092c\u0948\u0902\u0915",
        "brand:kn": "\u0c95\u0cc6\u0ca8\u0cb0\u0cbe \u0cac\u0ccd\u0caf\u0cbe\u0c82\u0c95\u0ccd",
        "brand:pa": "\u0a15\u0a47\u0a28\u0a30\u0a3e \u0a2c\u0a48\u0a02\u0a15",
        "brand:pnb": "\u06a9\u06cc\u0646\u0631\u0627 \u0628\u06cc\u0646\u06a9",
        "brand:ur": "\u06a9\u06cc\u0646\u0631\u0627 \u0628\u06cc\u0646\u06a9",
        "brand:wikidata": "Q2003777",
        "level": "0",
        "name": "Canara Bank",
        "name:en": "Canara Bank",
        "name:hi": "\u0915\u0947\u0928\u0930\u093e \u092c\u0948\u0902\u0915",
        "name:kn": "\u0c95\u0cc6\u0ca8\u0cb0\u0cbe \u0cac\u0ccd\u0caf\u0cbe\u0c82\u0c95\u0ccd",
        "name:pa": "\u0a15\u0a47\u0a28\u0a30\u0a3e \u0a2c\u0a48\u0a02\u0a15",
        "name:pnb": "\u06a9\u06cc\u0646\u0631\u0627 \u0628\u06cc\u0646\u06a9",
        "name:ur": "\u06a9\u06cc\u0646\u0631\u0627 \u0628\u06cc\u0646\u06a9"
      },
      "geometry": {
        "type": "Point",
        "coordinates": [
          77.2517949,
          28.567031
        ]
      },
      "id": "node/12816100018"
    },
    {
      "type": "Feature",
      "properties": {
        "@id": "node/12821028240",
        "addr:block": "K",
        "addr:city": "New Delhi",
        "addr:housenumber": "91",
        "addr:place": "Central Market",
        "addr:postcode": "110024",
        "addr:suburb": "Lajpat Nagar",
        "amenity": "atm",
        "brand": "ICICI Bank",
        "brand:wikidata": "Q1653258",
        "level": "0",
        "operator": "ICICI Bank",
        "operator:wikidata": "Q1653258",
        "wheelchair": "no"
      },
      "geometry": {
        "type": "Point",
        "coordinates": [
          77.2464202,
          28.5678247
        ]
      },
      "id": "node/12821028240"
    },
    {
      "type": "Feature",
      "properties": {
        "@id": "node/12854670295",
        "addr:block": "A",
        "addr:country": "IN",
        "addr:district": "South Delhi",
        "addr:housenumber": "9",
        "addr:place": "Geetanjali Enclave",
        "addr:state": "DL",
        "amenity": "bank",
        "atm": "yes",
        "branch": "Geetanjali Enclave",
        "brand": "Punjab National Bank",
        "level": "0",
        "name": "Punjab National Bank"
      },
      "geometry": {
        "type": "Point",
        "coordinates": [
          77.2010712,
          28.5297847
        ]
      },
      "id": "node/12854670295"
    },
    {
      "type": "Feature",
      "properties": {
        "@id": "node/12854822465",
        "amenity": "bank",
        "atm": "yes",
        "branch": "Geetanjali Enclave",
        "brand": "HDFC Bank",
        "level": "0",
        "name": "HDFC Bank",
        "short_name": "HDFC"
      },
      "geometry": {
        "type": "Point",
        "coordinates": [
          77.2025384,
          28.5320163
        ]
      },
      "id": "node/12854822465"
    },
    {
      "type": "Feature",
      "properties": {
        "@id": "node/12903526821",
        "amenity": "atm",
        "brand": "State Bank of India",
        "level": "0",
        "operator": "State Bank of India",
        "operator:wikidata": "Q1340361",
        "wheelchair": "no"
      },
      "geometry": {
        "type": "Point",
        "coordinates": [
          77.2385869,
          28.5797599
        ]
      },
      "id": "node/12903526821"
    },
    {
      "type": "Feature",
      "properties": {
        "@id": "node/12942261004",
        "amenity": "atm",
        "name": "HDFC"
      },
      "geometry": {
        "type": "Point",
        "coordinates": [
          77.2266022,
          28.5004187
        ]
      },
      "id": "node/12942261004"
    },
    {
      "type": "Feature",
      "properties": {
        "@id": "node/12965665578",
        "amenity": "atm",
        "cash_in": "yes",
        "operator": "Union Bank of India"
      },
      "geometry": {
        "type": "Point",
        "coordinates": [
          77.1828926,
          28.5793317
        ]
      },
      "id": "node/12965665578"
    },
    {
      "type": "Feature",
      "properties": {
        "@id": "node/13036736974",
        "amenity": "bank",
        "atm": "yes",
        "name": "Punjab & Sind Bank"
      },
      "geometry": {
        "type": "Point",
        "coordinates": [
          77.2278494,
          28.5729539
        ]
      },
      "id": "node/13036736974"
    },
    {
      "type": "Feature",
      "properties": {
        "@id": "node/13059709519",
        "amenity": "atm",
        "brand": "State Bank of India",
        "name": "State Bank of India",
        "operator": "State Bank of India",
        "operator:wikidata": "Q1340361"
      },
      "geometry": {
        "type": "Point",
        "coordinates": [
          77.2911698,
          28.5349124
        ]
      },
      "id": "node/13059709519"
    }
  ]
}